date,provider,total_cost,service_count,max_service_cost,cost_std,has_anomaly,anomaly_count,rolling_mean_7d,rolling_std_7d,rolling_mean_14d,rolling_std_14d,rolling_mean_30d,rolling_std_30d,upper_bound_2sigma,lower_bound_2sigma,z_score,arima_forecast,arima_upper_ci,arima_lower_ci,arima_residual,arima_prediction,arima_score,if_prediction,if_score,if_confidence,ensemble_score,ensemble_prediction,alert_severity
2024-04-10,AWS,3152.996,9,1286.5725,373.95997054334055,False,0,2839.142457142858,519.3057176727779,3490.4608104233484,1741.900171964641,3106.040441530896,1265.6651451468624,3877.753892488414,1800.5310217973022,0.6043714370468409,3210.3382852246227,4774.497178937952,1646.179391511293,-57.34228522462263,0,0.0037483306948878827,0,0.30018492282797393,0.30018492282797393,0.1371447971547766,0,none
2024-04-11,AWS,3247.4545000000003,9,1366.8583,401.3109710430671,False,0,2861.930071428572,535.2964214319127,3480.298138994777,1742.9477805236113,3110.282624864229,1265.927456114511,3932.522914292397,1791.3372285647465,0.7202073713465786,2267.933295698568,3879.62080959698,656.2457818001562,979.5212043014321,0,0.0640290037621319,0,0.2912619384409547,0.2912619384409547,0.16628382436760217,0,none
2024-04-12,AWS,3280.4933,9,1402.5125,410.4593590363244,False,0,2851.132185714286,524.3170000562803,3457.218981851919,1743.3286406965397,3123.170564864229,1265.6161812727098,3899.766185826847,1802.4981856017253,0.8188960385392946,2249.730151933418,3865.956281772972,633.5040220938633,1030.7631480665823,0,0.06737856944351768,0,0.2999769993706848,0.2999769993706848,0.1720478629107429,0,none
2024-04-13,AWS,2059.3326,9,852.7397,247.30014071229823,False,0,2840.3699857142865,541.950917084488,3440.106917566205,1756.697495357358,3091.1286148642293,1280.3848196156084,3924.271819883263,1756.4681515453103,-1.4411588966664384,3175.3743693029555,4792.927281556577,1557.8214570493335,-1116.0417693029553,0,0.07295303290178176,0,0.3688348861281715,0.3688348861281715,0.20609986685365714,0,none
2024-04-14,AWS,2086.5512,9,850.8644,249.3751186067677,False,0,2844.3138857142862,535.3771152192388,3428.491103280491,1765.6926887496284,3054.554561530896,1293.2535327462588,3915.068116152764,1773.5596552758086,-1.4153811662318896,3318.396514292382,4935.952650194395,1700.8403783903693,-1231.8453142923822,0,0.08052283903281314,0,0.36810056962875615,0.36810056962875615,0.2099328178009875,0,none
2024-04-15,AWS,3001.4689000000003,9,1234.5008,362.9439463279217,False,0,2844.4606285714294,535.4271793608805,3447.604810423348,1759.0308358857194,3086.097264864229,1279.5051872024303,3915.3149872931904,1773.6062698496685,0.2932392629296342,3276.743933290235,4894.4399454391005,1659.047921141369,-275.27503329023466,0,0.01799408329780008,0,0.2586875052406804,0.2586875052406804,0.12630612317209622,0,none
2024-04-16,AWS,2897.0468,9,1129.946,327.8527245096548,False,0,2817.906185714287,526.158449396004,3069.666042466152,1111.295353826132,3116.5622181975623,1263.1127661181108,3870.223084506295,1765.589286922279,0.1504121322700624,3273.098060191447,4890.836375704959,1655.3597446779354,-376.051260191447,0,0.024581588890384982,0,0.18142760773387823,0.18142760773387823,0.09516229736995695,0,none
2024-04-17,AWS,3021.5523,9,1203.4708,352.17940570001747,False,0,2799.128514285715,514.4211363012028,2819.135485714286,497.0257003080327,3123.984041530896,1261.835356070254,3827.970786888121,1770.2862416833095,0.4323768407206724,3380.5895742190164,5004.549787645078,1756.629360792955,-359.0372742190166,0,0.023469424531866036,0,0.09624227359101811,0.09624227359101811,0.05621720660848448,0,none
2024-04-18,AWS,3283.1999,9,1418.0449,418.0518589880909,False,0,2804.2350000000006,519.7629293672798,2833.0825357142858,507.7722910070275,3133.607591530896,1261.9146507964258,3843.76085873456,1764.709141265441,0.9215064656152638,2286.461400120092,3910.52658758856,662.3962126516246,996.738499879908,0,0.06515445799275693,0,0.13820142039770233,0.13820142039770233,0.09802559107498236,0,none
2024-04-19,AWS,3327.4256,9,1463.7931,430.219528901993,False,0,2810.939614285715,527.180043423997,2831.0359,505.555044419088,3146.8856348642294,1261.7841151148766,3865.299701133709,1756.579527437721,0.9797146006490792,2306.5394589937937,3930.7691262779585,682.3097917096288,1020.8861410062063,0,0.06673293265745298,0,0.15720650894575539,0.15720650894575539,0.10744604198718907,0,none
2024-04-20,AWS,2124.5357,9,865.8471,252.6377795075381,False,0,2820.2543428571435,512.0453543635748,2830.3121642857145,506.6347254589209,3114.291031530896,1275.528575794891,3844.345051584293,1796.163634129994,-1.3587051165037891,3146.747693949966,4770.994601743112,1522.5007861568204,-1022.2119939499662,0,0.06681960055473915,0,0.20747677370194162,0.20747677370194162,0.13011532847098028,0,none
2024-04-21,AWS,2146.4039,9,902.1556,264.88948961163874,False,0,2828.8047285714297,498.0604085485331,2836.559307142857,496.8360529179177,3079.6382715308955,1287.5780806541304,3824.925545668496,1832.6839114743636,-1.370116589991038,3350.941985275838,4975.238253718811,1726.6457168328639,-1204.538085275838,0,0.07873782951820987,0,0.20147985295740867,0.20147985295740867,0.13397174006584933,0,none
2024-04-22,AWS,3028.6795,9,1272.3401,372.5295118500382,False,0,2832.691957142858,499.73597324286027,2838.5762928571426,497.6092535470444,3113.8274181975626,1271.5216647985428,3832.1639036285783,1833.2200106571372,0.3921821788913004,3243.3140875048657,4867.643769530973,1618.9844054787582,-214.63458750486552,0,0.014030159582541842,0,0.08930697141628585,0.08930697141628585,0.04790472490772665,0,none
2024-04-23,AWS,3334.6566,9,1474.8142,434.7105770312905,False,0,2895.207642857143,535.2391580522944,2856.5569142857144,511.4727095936306,3156.122164864229,1256.4731899064975,3965.685958961732,1824.7293267525545,0.8210328981555945,3302.1749866815626,4926.5413880934875,1677.8085852696377,32.48161331843721,0,0.00212324688044866,0,0.13760493683774766,0.13760493683774766,0.06309000736123321,0,none
2024-04-24,AWS,3206.0289,9,1376.2482,401.7566249639762,False,0,2921.561442857143,546.9111688926906,2860.3449785714283,514.0270847243784,3167.4404781975627,1255.302904976921,4015.383780642525,1827.7391050717615,0.520134664132544,3347.2978335928287,4975.80786961725,1718.7877975684075,-141.26893359282894,0,0.009234418857668809,0,0.10648971330889856,0.10648971330889856,0.0529993013607222,0,none
2024-04-25,AWS,3231.6584,9,1320.0285,386.0354035711819,False,0,2914.198371428572,541.5516604098467,2859.216685714285,513.1285655750714,3175.8902015308963,1254.8379969307832,3997.3016922482648,1831.0950506088784,0.5862045152453009,2319.9040276963915,3948.94636361388,690.8616917789032,911.7543723036083,0,0.059599244894348216,0,0.09943024454042126,0.09943024454042126,0.0775231947350811,0,none
2024-04-26,AWS,3195.3269,9,1289.0872,374.6631617437481,False,0,2895.327128571429,526.8543198157455,2853.1333714285715,508.23147504504936,3177.942211530896,1254.8170717456676,3949.03576820292,1841.618488939938,0.569416933950393,2281.3760136799124,3910.4184058889005,652.3336214709243,913.9508863200876,0,0.05974282586391491,0,0.09161745528202558,0.09161745528202558,0.07408640910206472,0,none
2024-04-27,AWS,1993.3297,9,807.0666,234.62069202496704,False,0,2876.5834142857143,560.1299689751752,2848.4188785714286,516.4018662768607,3131.3954715308955,1272.465223195018,3996.8433522360647,1756.323476335364,-1.5768728031105992,3173.29565997557,4802.407284547422,1544.1840354037172,-1179.9659599755698,0,0.07713160731864402,0,0.22896539316999776,0.22896539316999776,0.1454568109517532,0,none
2024-04-28,AWS,2369.8921,9,1019.5845,303.51250399916444,False,0,2908.5103000000004,516.2222027278171,2868.657514285714,489.0754717852069,3090.271824864229,1276.6070170716005,3940.954705455634,1876.065894544366,-1.043384413054679,3320.6359197680526,4949.772699715124,1691.4991398209813,-950.7438197680526,0,0.06214789362948689,0,0.1809207078931312,0.1809207078931312,0.11559566004812684,0,none
2024-04-29,AWS,3262.4139,9,1387.5306,410.7489122494179,False,0,2941.9009285714287,532.5903301263415,2887.2964428571427,499.3899443108525,3122.388904864229,1268.1028390688737,4007.081588824112,1876.7202683187456,0.6018002079608489,3267.863631055956,4897.036724075737,1638.6905380361745,-5.449731055955908,0,0.000356236137361889,0,0.1123390553207041,0.1123390553207041,0.050748504769865886,0,none
2024-04-30,AWS,3275.5458,9,1366.4827,403.2924926300855,False,0,2933.4565285714293,525.749859092749,2914.3320857142853,510.0892564652097,3156.601344864229,1257.5330953498612,3984.956246756928,1881.9568103859312,0.6506692593664983,3273.5257085990997,4902.729087396853,1644.3223298013463,2.020091400900128,0,0.0001320486369668021,0,0.10490716813434353,0.10490716813434353,0.047280852410786334,0,none
2024-05-01,AWS,2909.8002,9,1133.4874,326.6252741921122,False,0,2891.1381428571435,511.89280939231054,2906.349792857143,509.1558602192644,3162.465451530896,1255.9030051508528,3914.923761641765,1867.3525240725223,0.0364569628648909,3369.8753746886564,5004.715626526576,1735.035122850737,-460.07517468865626,0,0.030074035111891446,0,0.11538120621893144,0.11538120621893144,0.06846226211005944,0,none
2024-05-02,AWS,2911.2208,9,1129.4648,328.66738694961725,False,0,2845.3613428571434,490.2356830326466,2879.779857142857,497.550943091489,2986.566493150872,822.495911994794,3825.8327089224367,1864.88997679185,0.1343424385905757,2298.7021790525487,3933.6852638368164,663.7190942682812,612.5186209474514,0,0.040038905653900676,0,0.08225934650886535,0.08225934650886535,0.059038104038634784,0,none
2024-05-03,AWS,3161.5896,9,1319.3593,381.5853723238091,False,0,2840.5417285714293,486.3722799405086,2867.9344285714283,487.9553773895965,2874.320143333333,481.4650023267031,3813.286288452447,1867.797168690412,0.6600866962796078,2309.3857971726948,3944.480762588718,674.2908317566714,852.203802827305,0,0.055706563837224374,0,0.004425867862512423,0.004425867862512423,0.032630250648603996,0,none
2024-05-04,AWS,2166.9904,9,935.7778,276.444168626856,False,0,2865.3504000000007,437.9769491242351,2870.966907142857,483.087663073916,2843.621783333333,496.5000828645289,3741.304298248471,1989.3965017515304,-1.5945131390928786,3147.9632902324324,4783.063082247687,1512.863498217178,-980.9728902324323,0,0.06412389706666606,0,0.10220819589563979,0.10220819589563979,0.08126183153970425,0,none
2024-05-05,AWS,2123.8835,9,896.0262,263.6416747252468,False,0,2830.206314285715,491.0178776814725,2869.358307142857,485.7162682676178,2802.548616666667,503.56175513100845,3812.24206964866,1848.1705589227704,-1.4384869602293266,3340.9344690226953,4976.059252152914,1705.8096858924762,-1217.0509690226954,0,0.07955576738110079,0,0.07919615133744018,0.07919615133744018,0.07939394016145351,0,none
2024-05-06,AWS,3156.9722,9,1375.4815,405.9586091241305,False,0,2815.143214285715,476.965338584001,2878.5220714285715,490.1433602832093,2836.6254233333334,491.2466018629125,3769.073891453717,1861.212537117713,0.7166746890421407,3243.100430924042,4878.239974362881,1607.9608874852026,-86.12823092404187,0,0.00563000045087761,0,0.009403786743220066,0.009403786743220066,0.007328204282431716,0,none
2024-05-07,AWS,3151.4497,9,1311.5483,384.2564592439494,False,0,2797.415200000001,458.9675259447004,2865.4358642857146,479.3553343995895,2873.0422833333337,471.7141753694805,3715.3502518894015,1879.4801481106,0.7713715676735797,3292.986410622192,4928.143339226546,1657.8294820178385,-141.536710622192,0,0.009251922814035661,0,0.015094777102747536,0.015094777102747536,0.011881207243956006,0,none
2024-05-08,AWS,3167.208,9,1274.909,371.2123163076186,False,0,2834.187742857144,479.3325092564267,2862.662942857143,477.3416076109961,2878.60116,474.2431159695929,3792.8527613699966,1875.52272434429,0.6947583372944299,3345.577335292516,4984.972540592775,1706.1821299922576,-178.3693352925161,0,0.011659585101721704,0,0.006740724867086212,0.006740724867086212,0.009446097996135733,0,none
2024-05-09,AWS,3304.2546,9,1461.5039,430.2775560883056,False,0,2890.335428571429,511.7809991578874,2867.848385714286,482.0297018821569,2885.9787166666665,479.2266774252618,3913.897426887204,1866.7734302556544,0.8087818268142953,2323.200289064903,3963.0367149133317,683.3638632164739,981.0543109350974,0,0.06412921934703567,0,0.052258127509069885,0.052258127509069885,0.058787228019951066,0,none
2024-05-10,AWS,3345.1093,9,1421.1688,416.6649705193353,False,0,2916.5525285714293,532.2824815334012,2878.547128571429,491.4278689586207,2892.382493333333,484.17581783149166,3981.117491638232,1851.987565504627,0.8051303326631712,2292.7905707612363,3932.629534460518,652.9516070619545,1052.3187292387638,0,0.0687876072284147,0,0.02968858563526333,0.02968858563526333,0.051193047511496594,0,none
2024-05-11,AWS,2045.9951,9,850.5496,247.47186071746847,False,0,2899.267485714286,561.8248961776981,2882.308942857143,484.27999069494535,2852.333846666667,503.1123519306792,4022.917278069682,1775.61769335889,-1.5187514677934244,3166.10981263729,4805.991999636903,1526.2276256376776,-1120.1147126372898,0,0.07321927165489077,0,0.09424504605281636,0.09424504605281636,0.0826808701339573,0,none
2024-05-12,AWS,2072.1608,9,888.6506,258.8745359724496,False,0,2891.878528571429,573.9317978105024,2861.042421428572,514.1303116389283,2812.0560966666667,515.8594994565042,4039.742124192434,1744.014932950424,-1.428249369867899,3318.867300631018,4958.7605227992335,1678.9740784628025,-1246.7065006310181,0,0.08149427992843405,0,0.08409117524628407,0.08409117524628407,0.08266288282146657,0,none
2024-05-13,AWS,3065.285,9,1225.7419,358.74785137715384,False,0,2878.780357142857,567.8879681572171,2846.961785714286,504.9089767441312,2845.587843333333,497.6157133225475,4014.5562934572913,1743.004420828423,0.3284180213608282,3259.676351180107,4899.588800153006,1619.763902207208,-194.391351180107,0,0.012706906702355272,0,0.006180973496560216,0.006180973496560216,0.009770236759747497,0,none
2024-05-14,AWS,3043.1102,9,1217.2558,356.4596980895144,False,0,2863.303285714286,560.6483471252525,2830.3592428571437,493.42296518796513,2877.4731433333336,477.5439619046986,3984.599979964791,1742.0065914637812,0.3207124665708203,3272.1695221399536,4912.097308074987,1632.24173620492,-229.05932213995357,0,0.014973070653952996,0,0.006231801037733797,0.006231801037733797,0.011039499326654358,0,none
2024-05-15,AWS,3163.7003,9,1395.2314,409.61576365367125,False,0,2862.802185714286,560.3329289990439,2848.494964285714,501.17259630210833,2882.880856666667,479.9092072046736,3983.4680437123743,1742.1363277161984,0.5369988068034641,3360.584634009688,5005.7600866581615,1715.4091813612147,-196.88433400968825,0,0.012869867142898289,0,0.02055995229756513,0.02055995229756513,0.01633040546249837,0,none
2024-05-16,AWS,3388.4729,9,1489.0708,437.153673426189,False,0,2874.8333714285723,572.1704535793234,2882.5844,521.5829466083399,2899.2617266666666,488.71560099098747,4019.1742785872193,1730.4924642699254,0.8977036918934881,2309.369368897509,3954.7187600286175,664.0199777664006,1079.1035311024912,0,0.07053846690533579,0,0.07645470240506802,0.07645470240506802,0.0732007728802153,0,none
2024-05-17,AWS,3216.7692,9,1288.2628,377.333931189911,False,0,2856.499071428572,556.4293611451939,2886.5258000000003,524.0560823300717,2905.7689566666663,491.6906411393111,3969.3577937189593,1743.640349138184,0.647467861561627,2313.521645773495,3958.952480073189,668.0908114738013,903.2475542265051,0,0.05904317414848717,0,0.02077238476329135,0.02077238476329135,0.04182131892514905,0,none
2024-05-18,AWS,2209.2247,9,923.1534,272.7690569354662,False,0,2879.817585714286,518.9609741451353,2889.542535714286,519.6988984046975,2869.969783333333,502.2467888744069,3917.739534004557,1841.8956374240156,-1.2921836498739347,3147.849659863051,4793.281274013364,1502.418045712738,-938.6249598630507,0,0.061355712180996946,0,0.08105615191135851,0.08105615191135851,0.07022091005965965,0,none
2024-05-19,AWS,2148.7265,9,868.7808,253.2351537300185,False,0,2890.755542857144,499.544822124661,2891.3170357142853,516.9184462485897,2830.6798133333336,511.249931064094,3889.845187106466,1891.6658986078212,-1.485410337554225,3332.325247644596,4977.769629361094,1686.8808659280978,-1183.5987476445957,0,0.07736907412825021,0,0.08047233660759079,0.08047233660759079,0.07876554224395348,0,none
2024-05-20,AWS,3019.9025,9,1251.7643,365.319646305779,False,0,2884.2723285714296,497.1911698943899,2881.526342857143,512.7812840786779,2860.5253733333334,494.4645749725522,3878.654668360209,1889.8899887826497,0.2727928001157129,3241.6451301074503,4887.095647744717,1596.1946124701833,-221.74263010745017,0,0.014494795656313075,0,0.004064278466035409,0.004064278466035409,0.009801062920688126,0,none
2024-05-21,AWS,3136.7647,9,1270.0742,372.4485198018091,False,0,2897.651542857144,503.3991559274899,2880.477414285714,512.201356561712,2893.5374,477.9267773581727,3904.449854712123,1890.8532310021635,0.4749971356265522,3285.1249089887424,4930.583544827912,1639.6662731495721,-148.36020898874222,0,0.009697958898465637,0,0.012189642758100194,0.012189642758100194,0.01081921663530119,0,none
2024-05-22,AWS,3157.2498,9,1277.0188,375.3466253492563,False,0,2896.7300428571434,502.83655908748585,2879.766114285714,511.779281381656,2897.823076666667,479.7533835912269,3902.4031610321153,1891.056924682172,0.5181002702252047,3342.6960595916994,4992.419929339797,1692.972189843602,-185.44625959169935,0,0.012122187044984266,0,0.010561787322739713,0.010561787322739713,0.011420007169974218,0,none
2024-05-23,AWS,3275.6435,9,1363.818,398.9657394194502,False,0,2880.6115571428577,485.97211207889546,2877.722464285714,510.0078721874541,2895.855973333333,478.0183456032199,3852.555781300649,1908.6673329850669,0.8128695722198105,2327.607954865931,3977.7115543772543,677.5043553546077,948.0355451340693,0,0.061970860068634184,0,0.015507902669127493,0.015507902669127493,0.04106252923885617,0,none
2024-05-24,AWS,3202.6046,9,1328.7649,389.50909957026073,False,0,2878.588042857144,484.3659530487968,2867.543557142857,501.30996029708245,2895.74183,477.942129952695,3847.319948954737,1909.85613675955,0.6689499026566489,2302.93847078584,3953.049485204785,652.8274563668945,899.6661292141603,0,0.05880906479528254,0,0.00852402290016585,0.00852402290016585,0.03618079594248003,0,none
2024-05-25,AWS,2180.2127,9,910.8377,266.16680089669387,False,0,2874.443471428572,491.1250436974397,2877.130528571429,485.421853907294,2860.69364,490.83751202576144,3856.693558823451,1892.1933840336928,-1.413551966726509,3160.1096557975698,4810.249218393431,1509.9700932017083,-979.8969557975697,0,0.06405356575614915,0,0.08328841217295613,0.08328841217295613,0.07270924664371228,0,none
2024-05-26,AWS,2158.5289,9,896.5423,260.71473438938057,False,0,2875.843814285715,488.7190187153124,2883.299678571428,474.8381189873969,2826.1337066666665,502.8178070934752,3853.28185171634,1898.4057768550904,-1.4677450371582454,3316.052330942677,4966.196335935673,1665.908325949681,-1157.5234309426774,0,0.07566459183233441,0,0.07915955760750448,0.07915955760750448,0.07723732643116095,0,none
2024-05-27,AWS,3054.4182,9,1268.822,371.47505259862334,False,0,2880.774628571429,490.5852612477626,2882.5234785714283,474.5265305475668,2861.5033233333334,478.9704356890449,3861.945151066954,1899.6041060759037,0.3539518716615525,3252.633252931014,4902.787691144902,1602.4788147171255,-198.21505293101382,0,0.012956853117725306,0,2.1878067135716606e-09,2.1878067135716606e-09,0.00712627019926194,0,none
2024-05-28,AWS,3487.5201,9,1438.1546,427.6163739194397,False,0,2930.882542857144,536.8235154175964,2914.2670428571428,500.2619490078398,2898.75759,482.8631086041543,4004.529573692336,1857.2355120219509,1.036909787211557,3269.814517383954,4919.976824059843,1619.6522107080648,217.70558261604629,0,0.014230903330266543,0,0.07267137884998187,0.07267137884998187,0.04052911731413845,0,none
2024-05-29,AWS,3462.2957,9,1491.9505,443.987523847745,False,0,2974.4605285714288,569.640448417186,2935.595285714286,517.773054918872,2905.420316666666,489.38892930616737,4113.7414254058,1835.1796317370568,0.856391382991189,3352.400502749739,5007.504018031077,1697.296987468401,109.89519725026094,0,0.007183591296724823,0,0.08788801589224515,0.08788801589224515,0.043500582364708974,0,none
2024-05-30,AWS,3691.8588,9,1625.1446,483.4907968380216,False,0,3033.919857142858,625.3189397057848,2957.265707142857,543.8762615501129,2919.297416666667,505.8710343085026,4284.557736554428,1783.2819777312882,1.052165384860489,2318.937463508396,3974.2364434005126,663.6384836162792,1372.921336491604,0,0.08974464772513506,0,0.18633570271241529,0.18633570271241529,0.13321062246941118,0,none
2024-05-31,AWS,17616.633320460358,9,15564.33812046036,5105.226845869863,True,1,5093.066817208623,5557.166793832399,3985.8274300328826,3960.030941534757,3409.525187348678,2730.5623650576117,16207.40040487342,-6021.266770456175,2.25358837837092,2318.5473477300206,3973.908959031975,663.1857364280663,15298.085972730338,1,0.9999999999999346,1,1.0,1.0,0.999999999999964,1,critical
2024-06-01,AWS,1932.604,9,767.9195,220.2514898105219,False,0,5057.694145780052,5579.540963443616,3966.068808604312,3970.254102529203,3376.904627348679,2742.5398495061577,16216.776072667286,-6101.387781107181,-0.5600980737043875,3146.819382334713,4802.181223021875,1491.4575416475514,-1214.2153823347128,0,0.07937041172987508,1,0.7044909304685392,0.7044909304685392,0.36067464516227393,0,none
2024-06-02,AWS,1991.0805,9,811.4964,237.032984486263,False,0,5033.772945780052,5594.381388797623,3954.8083800328823,3976.0242985386553,3337.8876573486787,2754.0108568529186,16222.535723375298,-6154.9898318151945,-0.5438836279328929,3324.718841534901,4980.087221709043,1669.3504613607593,-1333.638341534901,0,0.08717681047891193,1,0.6923846545212607,0.6923846545212607,0.35952034029796887,0,none
2024-06-03,AWS,2848.7783,9,1197.0425,349.53271259477555,False,0,5004.395817208623,5607.033291955962,3942.585222890025,3979.3811052322953,3360.613920682012,2746.8190460156484,16218.462401120549,-6209.6707667033015,-0.3844488528899515,3239.335233427685,4894.705885113217,1583.9645817421529,-390.5569334276852,0,0.025529790728320418,1,0.6863398159876659,0.6863398159876659,0.3228943020950259,0,none
2024-06-04,AWS,3051.7072000000003,9,1225.7786,358.6823850851292,False,0,4942.1368314943375,5629.059744572783,3936.50968717574,3980.77072084826,3391.5413773486785,2737.6220317718817,16200.256320639905,-6315.982657651228,-0.3358339966664317,3278.2127297807056,4933.587091439982,1622.8383681214293,-226.50552978070527,0,0.014806135237077944,1,0.6889813170313954,0.6889813170313954,0.3181849670445208,0,none
2024-06-05,AWS,3340.3883,9,1400.863,417.5788155442549,False,0,4924.721488637195,5634.587047458652,3949.591008604312,3978.313142317974,3397.6552473486786,2737.2848983833587,16193.895583554498,-6344.452606280109,-0.2811800004672019,3339.0210611888724,4998.640523912474,1679.4015984652704,1.3672388111276632,0,8.937319436985455e-05,1,0.6919689865410477,0.6919689865410477,0.3114351992003749,0,none
2024-06-06,AWS,3254.2803,9,1344.1563,394.0196004962888,False,0,4862.21027435148,5652.941667318211,3948.065065747168,3978.5956170927207,3401.082934015345,2737.030334867208,16168.093608987903,-6443.673060284943,-0.2844412818988112,2332.7695367174147,3992.72579970244,672.8132737323895,921.5107632825852,0,0.0602369972900641,1,0.6868942460250647,0.6868942460250647,0.34223275922081436,0,none
2024-06-07,AWS,3445.8571,9,1457.0437,426.3705199790156,False,0,2837.813671428572,629.5467679894692,3965.440244318597,3975.619691181052,3410.3712373486787,2736.68208142716,4096.90720740751,1578.7201354496335,0.965843142221696,2312.1706189768274,3972.139073114744,652.2021648389107,1133.6864810231727,0,0.07410642632313322,1,0.5267201721817346,0.5267201721817346,0.2777826119595039,0,none
2024-06-08,AWS,2155.5445,9,883.2567,259.1751833342368,False,0,2869.6623142857147,579.7932273933291,3963.6782300328823,3976.477150118341,3372.080900682012,2746.2374293524344,4029.248769072373,1710.0758594990566,-1.2316767091175918,3154.953682421282,4814.942130507214,1494.9652343353498,-999.4091824212819,0,0.06532903424668401,1,0.5478865191734331,0.5478865191734331,0.2824799024637211,0,none
2024-06-09,AWS,2092.2058,9,835.5373,246.36891927859145,False,0,2884.108785714286,554.9824085262517,3958.9408657471686,3978.831946751192,3330.3174506820123,2756.170555294736,3994.0736027667895,1774.1439686617828,-1.4268974539494803,3312.522625928562,4972.512509235274,1652.5327426218498,-1220.3168259285617,0,0.07976924878731642,1,0.5439088774573075,0.5439088774573075,0.28863208168881244,0,none
2024-06-10,AWS,3018.7732,9,1205.4124,353.2826728523602,False,0,2908.393771428572,556.8947806330058,3956.394794318597,3979.4666323950473,3362.743387348679,2746.244083665389,4022.183332694584,1794.60421016256,0.1982051770098567,3246.4094532298154,4906.40516627908,1586.4137401805513,-227.63625322981534,0,0.014880047976954395,0,0.477787019645759,0.477787019645759,0.22318818522791645,0,none
2024-06-11,AWS,3147.9535,9,1341.8283,393.1635090214453,False,0,2922.143242857143,562.1858484478339,3932.14003717574,3983.576944641807,3398.6031440153456,2735.8147879275025,4046.5149397528103,1797.771545961475,0.4016647835691808,3266.7760060900555,4926.775825455674,1606.7761867244376,-118.82250609005541,0,0.007767148537526535,1,0.4863866892983758,0.4863866892983758,0.22314594187990872,0,none
2024-06-12,AWS,3302.0576,9,1382.7581,407.6243141644413,False,0,2916.667428571429,557.6010623367246,3920.694458604311,3985.260581376565,3406.4955640153453,2735.1615057248828,4031.8695532448783,1801.46530389798,0.6911575272343192,3345.013882207025,5009.705391117232,1680.322373296818,-42.95628220702474,0,0.0028079514184711617,1,0.50064018658611,0.50064018658611,0.22683245724390863,0,none
2024-06-13,AWS,3259.3209,9,1328.5439,387.4762934120873,False,0,2917.387514285715,558.1127408773872,3889.798894318597,3988.846087645639,3413.7025873486787,2734.455746345682,4033.6129960404896,1801.162032530941,0.6126600607184346,2327.7080957673024,3992.608797180449,662.8073943541556,931.6128042326977,0,0.060897344013707784,1,0.48591812723169114,0.48591812723169114,0.25215669646180033,0,none
2024-06-14,AWS,3490.9002,9,1463.1679,433.9233671943757,False,0,2923.8222428571435,565.4328499338193,2880.8179571428577,576.6049044242246,3424.609250682012,2734.0767104588567,4054.6879427247823,1792.956542989505,1.002909465214529,2324.171074960922,3989.1223713436975,659.2197785781466,1166.729125039078,0,0.0762663464644374,0,0.3072529496739529,0.3072529496739529,0.1802103179087194,0,none
2024-06-15,AWS,2130.1624,9,842.7663,247.0749233218208,False,0,2920.196228571429,571.2324493062994,2894.929271428572,553.5714847699753,3382.665567348679,2744.2830665911265,4062.661127184028,1777.7313299588302,-1.3830338761907823,3145.1576123864165,4810.109825554862,1480.2053992179706,-1014.9952123864164,0,0.06634785647012532,0,0.3569478796237676,0.3569478796237676,0.19711786688926436,0,none
2024-06-16,AWS,7031.522480000001,9,4764.258720000001,1539.9480973273942,True,2,3625.812897142858,1564.715644132708,3254.960841428572,1191.749863590662,3509.8240100153457,2823.565574282024,6755.2441854082745,496.381608877442,2.176567733329391,3317.8358517852994,4982.79138854054,1652.8803150300596,3713.686628214702,1,0.24275498482844884,1,0.7753850988983831,0.7753850988983831,0.4824385361599193,1,low
2024-06-17,AWS,7969.855689999999,9,5058.757119999999,1623.5819306892704,True,2,4333.110395714287,2224.497419412261,3620.752083571429,1724.3836022968846,3701.845043015345,2926.085508706891,8782.105234538809,-115.88444311023432,1.6348615478479405,3236.441623276272,4901.397784642265,1571.4854619102791,4733.414066723728,1,0.3094121758212749,1,0.8389965833084205,0.8389965833084205,0.5477251591904905,1,low
2024-06-18,AWS,5326.686589999999,9,2981.12292,928.8500769515992,True,2,4644.357980000001,2183.071383363249,3783.250611428572,1773.1372492592698,3807.777046015345,2925.444857948552,9010.5007467265,278.21521327350274,0.3125544199789233,3271.9843024237116,4936.942103083741,1607.0265017636818,2054.7022875762877,1,0.13431106945266033,1,0.7652742000329309,0.7652742000329309,0.41824447821378213,1,low
2024-06-19,AWS,3276.7538,9,1369.4902,403.22888868601694,False,0,4640.743151428573,2185.683851920008,3778.70529,1774.4409068576306,3816.338756015345,2923.4346898647705,9012.110855268587,269.3754475885571,-0.6240561050170893,3334.809630399332,5003.960460386486,1665.6588004121777,-58.05583039933208,0,0.003794973469414143,1,0.6063421020909391,0.6063421020909391,0.2749411813491004,0,none
2024-06-20,AWS,3307.1684,9,1332.789,387.6263309602306,False,0,4647.578508571429,2180.712824186096,3782.483011428571,1773.2944696041402,3822.018879348679,2922.234069969592,9009.004156943622,286.1528601992368,-0.6146660365842042,2338.4344182715977,4007.891061353447,668.9777751897482,968.7339817284023,0,0.06332386832281892,1,0.6064609982319575,0.6064609982319575,0.3077355767819313,0,none
2024-06-21,AWS,3339.2202,9,1391.8753,406.8733483886663,False,0,4625.909937142857,2194.829552782028,3774.86609,1775.0797437760789,3828.084559348679,2920.995223011046,9015.569042706911,236.25083157880272,-0.5862367469543793,2320.7336337125275,3990.206323886633,651.2609435384222,1018.4865662874727,0,0.06657607808603724,1,0.6089615267296493,0.6089615267296493,0.3106495299756627,0,none
2024-06-22,AWS,2235.2824,9,966.2317,284.23675748057485,False,0,4640.92708,2175.179159085755,3780.561654285714,1769.603750349699,3793.405856015345,2933.927160518241,8991.28539817151,290.5687618284901,-1.105952431527528,3150.402040758849,4819.889564640676,1480.9145168770217,-915.1196407588491,0,0.059819224600387216,1,0.6153630473602187,0.6153630473602187,0.3098139448423114,0,none
2024-06-23,AWS,2184.8707,9,893.5235,262.3000383910592,False,0,3948.5482542857135,2055.479414957377,3787.180575714286,1762.9637943284488,3759.481392682012,2946.849527892847,8059.507084200468,-162.41057562903916,-0.8580370795498473,3308.51069345037,4977.998333829489,1639.0230530712515,-1123.6399934503702,0,0.07344971099346974,1,0.5646245951458289,0.5646245951458289,0.29447840886203136,0,none
2024-06-24,AWS,3205.4334,9,1369.4701,402.8574930438275,False,0,3267.916498571429,1039.9088772422313,3800.513447142857,1757.4025541739038,3793.655416015345,2933.8193637811078,5347.734253055892,1188.0987440869667,-0.0600851670168161,3240.77671855493,4910.267728028512,1571.2857090813488,-35.34331855493019,0,0.0023103098399322145,0,0.4476405642635286,0.4476405642635286,0.2027089243305506,0,none
2024-06-25,AWS,3110.5789,9,1265.2572,371.3456086227619,False,0,2951.3296857142864,512.0373029772479,3797.843832857143,1758.4981355468024,3825.3904160153456,2920.641918200917,3975.404291668782,1927.2550797597903,0.3110109622081162,3263.275080865223,4932.768281070543,1593.781880659903,-152.69618086522314,0,0.009981391210469226,0,0.4003723691463418,0.4003723691463418,0.18565733128161188,0,none
2024-06-26,AWS,3277.5709,9,1403.6976,410.88943974478434,False,0,2951.4464142857146,512.1239397844926,3796.094782857143,1759.0412841810034,3832.828839348679,2918.894307523069,3975.6942938547,1927.1985347167292,0.6368077341802946,3338.2075607809006,5012.182823276701,1664.2322982851003,-60.636660780900456,0,0.003963676298393446,0,0.42053366502845424,0.42053366502845424,0.19142017122692082,0,none
2024-06-27,AWS,3452.093,9,1494.4218,441.2820873589717,False,0,2972.149928571429,531.4655840758883,3809.864218571429,1755.2667510434878,3831.647936015345,2919.045989609124,4035.081096723206,1909.2187604196529,0.9030557872570276,2335.8933023959735,4010.0855671096524,661.7010376822943,1116.1996976040264,0,0.0729633563044187,0,0.4515539439723527,0.4515539439723527,0.24332912075498903,0,none
2024-06-28,AWS,3631.9159,9,1431.6238,427.35965898556526,False,0,3013.9636000000005,574.8979436101155,3819.936768571428,1753.699495054209,3837.301942682012,2918.470123389284,4163.759487220232,1864.167712779769,1.0748904338019476,2330.1883300406953,4004.423222644072,655.9534374373184,1301.7275699593047,0,0.08509087818434405,0,0.47581219375049555,0.47581219375049555,0.2609154701891122,0,none
2024-06-29,AWS,2367.0112,9,1016.6907,300.9045209710304,False,0,3032.782,546.6214328011113,3836.85454,1737.2093732292014,3793.140356015346,2930.74464916998,4126.024865602223,1939.5391343977776,-1.2179741957557373,3143.064346873638,4817.301125077732,1468.827568669544,-776.0531468736381,0,0.05072877406081675,0,0.46347699131220577,0.46347699131220577,0.23646547182394181,0,none
2024-06-30,AWS,2494.7789,9,1089.573,323.64878915416216,False,0,3077.0546000000004,474.2614022442056,3512.801427142857,1502.7608228995882,3289.078542,1339.8802973100162,4025.577404488412,2128.5317955115893,-1.2277526639179228,3311.47992821462,4985.718342575059,1637.2415138541808,-816.7010282146202,0,0.05338583072878401,0,0.3573998836668616,0.3573998836668616,0.19019215455091895,0,none
2024-04-10,Azure,2897.648,9,1108.5938,318.2544055140536,False,0,2596.3795285714286,463.0736846804928,2633.14125,453.77849802667936,2599.3249033333336,425.2000517288855,3522.526897932414,1670.2321592104431,0.6505843052510905,3351.452531553695,5364.510040275589,1338.3950228318004,-453.8045315536947,0,0.10115118207153066,0,0.0012508214728594869,0.0012508214728594869,0.05619601980212864,0,none
2024-04-11,Azure,2851.674,9,1127.4825,322.7445017719706,False,0,2594.6784,461.9490101077962,2601.3480000000004,417.8777438115276,2600.540483333333,425.8900726838044,3518.5764202155924,1670.7803797844078,0.556328933228958,2047.8803711617734,4066.545084827344,29.21565749620254,803.7936288382266,0,0.17916232660830478,0,2.9709422699752963e-09,2.9709422699752963e-09,0.09853928097149166,0,none
2024-04-12,Azure,3061.2006,9,1230.3558,357.1300844815864,False,0,2608.840042857143,476.38298657433415,2586.164121428571,394.7893585945752,2607.957503333333,432.07320785895234,3561.6060160058114,1656.0740697084748,0.9495732842913392,2044.1789647220533,4062.90225941271,25.455670031396266,1017.0216352779469,0,0.22668998092301643,0,0.05620769107952628,0.05620769107952628,0.14997295049344586,0,none
2024-04-13,Azure,1898.9807,9,741.4242,212.99538671742465,False,0,2600.5456142857147,489.9357310671583,2567.676728571428,421.5453393124412,2574.617096666667,447.1524086941507,3580.417076420031,1620.6741521513982,-1.4319529476981854,2790.3371846893906,4809.081153985139,771.5932153936417,-891.3564846893905,0,0.1986797305984769,0,0.12004184066465884,0.12004184066465884,0.1632926801282588,0,none
2024-04-14,Azure,2018.9109,9,801.6631,232.82621409840752,False,0,2618.8276142857144,460.5498373795292,2562.870992857143,427.7938431689099,2543.37638,452.288777161048,3539.927289044773,1697.727939526656,-1.3026097624914228,2852.6407785364117,4871.376578788,833.9049782848235,-833.7298785364117,0,0.18583499475772283,0,0.09176727715611188,0.09176727715611188,0.1435045218369979,0,none
2024-04-15,Azure,2855.4441,9,1162.2095,336.2090787113578,False,0,2625.970485714286,464.2990160573364,2577.809221428572,434.52993776182575,2574.9440833333333,439.3059248068628,3554.568517828958,1697.3724535996132,0.494236701670894,2944.9208599800354,4963.65835275097,926.1833672091009,-89.47675998003524,0,0.019944005426574957,0,0.0016755054570812833,0.0016755054570812833,0.011723180440302806,0,none
2024-04-16,Azure,2694.0745,9,1024.0768,290.10548282700745,False,0,2611.133257142857,459.522720258838,2586.7047857142857,435.6209372296924,2601.89141,419.9338462394669,3530.178697660533,1692.0878166251814,0.1804943242202331,2947.6319706793806,4966.375403399101,928.88853795966,-253.55747067938046,0,0.05651692766151268,0,0.006075051221963945,0.006075051221963945,0.03381808326371575,0,none
2024-04-17,Azure,3035.3522000000003,9,1203.8941,346.1227568462926,False,0,2630.8052857142857,476.4677105625004,2613.592407142857,451.7402473984948,2613.81638,427.1751022096303,3583.7407068392868,1677.8698645892848,0.8490542072772826,3365.575878716069,5386.8615184001665,1344.290239031971,-330.22367871606866,0,0.07360551322786313,0,0.017475653999944774,0.017475653999944774,0.04834707657529987,0,none
2024-04-18,Azure,3057.6517,9,1281.0642,372.5608951014041,False,0,2660.230671428572,498.2440456943646,2627.4545357142856,462.8427173515588,2626.788343333333,434.7345839459177,3656.718762817301,1663.7425800398428,0.7976433075417391,2053.3973490649446,4074.716895967028,32.07780216286142,1004.2543509350553,0,0.22384420523473636,0,0.05593171917126816,0.05593171917126816,0.14828358650617568,0,none
2024-04-19,Azure,3032.2926,9,1198.3917,345.1180479335947,False,0,2656.100957142857,494.4722081358519,2632.4705,467.1088380966756,2634.50084,439.9513604407727,3645.045373414561,1667.1565408711535,0.7607943109171192,2046.046632486223,4067.369357563881,24.723907408564855,986.2459675137773,0,0.21983020990502225,0,0.00805924684925552,0.00805924684925552,0.12453327652992724,0,none
2024-04-20,Azure,1948.9404,9,790.1488,227.6013125534209,False,0,2663.238057142857,481.924093286507,2631.8918357142857,468.01407868106617,2607.2302733333336,456.4960304303463,3627.086243715872,1699.3898705698434,-1.4821787644402349,2790.715024771485,4812.046961741,769.3830878019701,-841.7746247714849,0,0.18762813593319141,0,0.11918786515060908,0.11918786515060908,0.15683001408102937,0,none
2024-04-21,Azure,1977.3075,9,807.0505,232.8850870808713,False,0,2657.2947142857147,491.3588252082896,2638.0611642857143,457.9567412524037,2576.3943533333336,466.99445680654594,3640.012364702294,1674.5770638691356,-1.3838913221841098,2850.465799614355,4871.780323438752,829.1512757899586,-873.1582996143552,0,0.19462342925306272,0,0.10930671839591488,0.10930671839591488,0.1562309093673462,0,none
2024-04-22,Azure,2764.1178,9,1081.1377,309.26611166178554,False,0,2644.2481,486.4081729427036,2635.109292857143,456.9268727258722,2605.671766666667,449.406851538849,3617.064445885408,1671.4317541145929,0.2464384989145183,2944.194921692322,4965.503937924353,922.885905460292,-180.07712169232218,0,0.0401384571036661,0,0.005149285205862664,0.005149285205862664,0.024393329749654555,0,none
2024-04-23,Azure,2853.4299,9,1128.4982,324.5299344100055,False,0,2667.0131571428574,492.8157337788657,2639.073207142857,458.6853990271118,2636.7905166666665,432.2768187702875,3652.644624700589,1681.381689585126,0.3782686510987342,2945.1902396669784,4966.4997114303105,923.8807679036465,-91.76033966697833,0,0.020453006039455567,0,0.010482900090693081,0.010482900090693081,0.01596645836251245,0,none
2024-04-24,Azure,2875.4339,9,1065.4457,304.0290732483125,False,0,2644.167685714285,476.32555942455,2637.4864857142857,457.759598032963,2641.80194,434.2029724066173,3596.818804563385,1691.5165668651853,0.4855213198397805,3362.388667838731,5386.513335402676,1338.2640002747864,-486.9547678387312,0,0.10854023474295652,0,0.0023024940509028813,0.0023024940509028813,0.06073325143153239,0,none
2024-04-25,Azure,3016.9235,9,1170.5178,336.81681480120164,False,0,2638.3493714285714,470.6479804327839,2649.2900214285714,465.7678253615242,2656.47749,439.3351397160636,3579.6453322941397,1697.0534105630036,0.8043679019349167,2055.9235853351615,4080.0584750535054,31.788695616817904,960.9999146648383,0,0.2142029675335821,0,0.017736194091864887,0.017736194091864887,0.12579291948480936,0,none
2024-04-26,Azure,3078.1868,9,1214.0471,349.0210936729223,False,0,2644.905685714285,477.322729458924,2650.503321428572,466.9440079610504,2662.79662,444.1264007766086,3599.5511446321334,1690.2602267964376,0.9077319967057902,2049.754862636951,4073.89218392779,25.617541346112375,1028.4319373630487,0,0.22923329079202495,0,0.037378962903563906,0.037378962903563906,0.1428988432422175,0,none
2024-04-27,Azure,1935.6695,9,787.6766,227.6458118639812,False,0,2643.0098428571428,480.5630477219598,2653.12395,462.4834449794895,2617.426286666667,446.64361625271744,3604.135938301062,1681.883747413223,-1.471899152897245,2789.43966050392,4813.584929438659,765.2943915691815,-853.7701605039201,0,0.19030189199896472,0,0.11752423709290405,0.11752423709290405,0.15755194729123742,0,none
2024-04-28,Azure,2215.8849,9,930.1985,271.1896485222288,False,0,2677.0923285714284,431.42976518256273,2667.193521428572,444.345900755194,2582.163286666668,434.6366967286049,3539.951858936554,1814.232798206303,-1.0690208830983092,2849.7472262563206,4873.874404955752,825.6200475568899,-633.8623262563206,0,0.14128533126789805,0,0.14070785273202402,0.14070785273202402,0.14102546592675475,0,none
2024-04-29,Azure,2997.3851,9,1212.9252,351.3062641869286,False,0,2710.4162285714287,447.96400604781593,2677.3321642857145,450.5476789295539,2610.149316666667,433.3985451707623,3606.3442406670606,1814.488216475797,0.6406069852793026,2942.207549770781,4966.3286238615,918.0864756800618,55.17755022921892,0,0.01229885124854988,0,0.028511287795846774,0.028511287795846774,0.019594447694833483,0,none
2024-04-30,Azure,3108.3237,9,1252.9304,364.16732998617886,False,0,2746.829628571428,471.2795348822049,2706.921392857143,465.0994787422748,2644.2204,430.9578392184535,3689.388698335838,1804.2705588070185,0.7670480992096531,2943.869671419595,4967.990649915804,919.748692923386,164.45402858040507,0,0.03665613327037705,0,0.06750381177532783,0.06750381177532783,0.050537588597604904,0,none
2024-05-01,Azure,2740.2481,9,1122.0749,319.8751991671692,False,0,2727.517371428571,467.88886054805175,2685.842528571429,455.6610786451487,2647.351706666667,431.31466716440616,3663.2950925246746,1791.7396503324676,0.0272088729714351,3358.248078689002,5385.02932353,1331.4668338480037,-617.9999786890021,0,0.1377496785908073,0,0.02553775521101942,0.02553775521101942,0.08725431306990276,0,none
2024-05-02,Azure,2690.4234,9,1036.9277,294.5432504987468,False,0,2680.8744999999994,450.1686847219334,2659.6119357142857,443.0052569664218,2651.3812666666663,431.1272626159272,3581.2118694438664,1780.5371305561323,0.0212118264198615,2059.286163169975,4086.0850740467813,32.48725229316938,631.1372368300249,0,0.1406779199320599,0,0.019412241847547196,0.019412241847547196,0.0861083647940292,0,none
2024-05-03,Azure,2772.1468,9,1075.2784,306.2433685780985,False,0,2637.1545,418.9281100701437,2641.030092857143,431.4766042209303,2655.15531,431.6907768236114,3475.0107201402875,1799.2982798597127,0.3222326140326919,2052.6989972275314,4079.499385667668,25.898608787395005,719.4478027724685,0,0.16036198545670552,0,0.024034168871513995,0.024034168871513995,0.09901446799336934,0,none
2024-05-04,Azure,1969.3063,9,781.6074,226.72669252669303,False,0,2641.959757142857,409.63051399735656,2642.4848,428.9909326979212,2625.3461233333333,447.39246328220025,3461.22078513757,1822.698729148144,-1.6420980228673978,2788.822907556212,4815.630678581694,762.0151365307306,-819.5166075562122,0,0.18266691453642595,0,0.19095905450384587,0.19095905450384587,0.1863983775217649,0,none
2024-05-05,Azure,1922.8779,9,752.1119,215.93384202365084,False,0,2600.1016142857143,470.8250121692425,2638.596971428571,435.6775008332274,2590.706416666667,460.4616286866081,3541.751638624199,1658.4515899472294,-1.4383766723948843,2848.4616888739265,4875.251226647375,821.6721511004775,-925.5837888739266,0,0.20630885731859655,0,0.11847532601541011,0.11847532601541011,0.16678376823216268,0,none
2024-05-06,Azure,2951.4582,9,1211.5915,350.6650423335138,False,0,2593.5406285714284,464.6455834062686,2651.978428571428,442.6505205901906,2623.853633333333,448.92097339012207,3522.831795383965,1664.2494617588914,0.7703023211884308,2940.730693908642,4967.513917810068,913.947470007216,10.72750609135801,0,0.0023911174225284657,0,0.013009448986813998,0.013009448986813998,0.007169366626456956,0,none
2024-05-07,Azure,2873.2246,9,1113.0195,317.9866389979844,False,0,2559.955042857143,428.3103783752957,2653.3923357142858,443.3745134314357,2656.5965566666664,429.00153284431497,3416.5757996077346,1703.3342861065514,0.7314078130220593,2942.118388929028,4968.901316330924,915.3354615271319,-68.89378892902778,0,0.015356144998594288,0,0.0209828775498635,0.0209828775498635,0.017888174646665436,0,none
2024-05-08,Azure,2837.829,9,1100.0409,316.7633754250126,False,0,2573.8951714285718,436.66286397634246,2650.706271428571,442.0377539367535,2657.676056666666,429.4295260644652,3447.2208993812565,1700.5694434758864,0.6044338787305792,3354.513020697285,5383.971588601042,1325.0544527935276,-516.6840206972847,0,0.11516676413976647,0,0.010647825057067961,0.010647825057067961,0.06813324155255214,0,none
2024-05-09,Azure,2937.0181,9,1161.5369,331.85159384370945,False,0,2609.1229857142857,457.0994023114637,2644.998742857143,437.437400277036,2662.3121566666664,431.7405188569484,3523.3217903372133,1694.9241810913582,0.7173387508863383,2062.2950053303457,4091.76781401458,32.82219664611148,874.7230946696541,0,0.1949722156986305,0,0.011406654964444929,0.011406654964444929,0.112367713368247,0,none
2024-05-10,Azure,2879.1787,9,1089.7018,309.93517263114927,False,0,2624.413257142857,465.1802445562674,2630.783878571428,425.3440883510744,2661.6965133333333,431.4064073598025,3554.773746255392,1694.0527680303226,0.5476703833362792,2055.9214199112857,4085.395863940435,26.446975882136485,823.2572800887142,0,0.1835006952109151,0,0.011902477643347287,0.011902477643347287,0.10628149730550959,0,none
2024-05-11,Azure,1972.1608,9,759.3787,217.47920770012576,False,0,2624.821042857143,464.5110221297538,2633.3904,420.8447512410139,2632.3794066666665,447.6304060904548,3553.8430871166506,1695.798998597635,-1.4050479143924972,2787.951951233131,4817.433730085291,758.4701723809701,-815.7911512331307,0,0.18183652549305218,0,0.1321709525327388,0.1321709525327388,0.15948701766091117,0,none
2024-05-12,Azure,1996.7374,9,747.0394,214.53822472104736,False,0,2635.3724,446.3945390081541,2617.737007142857,441.1540598144505,2596.8973,454.60100661427794,3528.1614780163086,1742.5833219836918,-1.4306514623085562,2847.4085356056976,4876.87233029887,817.9447409125253,-850.6711356056976,0,0.18961113196919796,0,0.12664675903436684,0.12664675903436684,0.16127716414852397,0,none
2024-05-13,Azure,2907.0863,9,1156.2565,333.0917483026503,False,0,2629.0335571428573,441.4456272158577,2611.287092857143,435.8040912829801,2630.50082,438.1959064202491,3511.9248115745727,1746.1423027111418,0.6298686083043945,2939.0642473372645,4968.521829959155,909.6066647153739,-31.977947337264595,0,0.007127754238837405,0,0.003891375285932974,0.003891375285932974,0.0056713837100304115,0,none
2024-05-14,Azure,2877.9472,9,1105.6831,317.1536335248953,False,0,2629.7082142857143,441.884411881083,2594.8316285714286,419.642608872775,2659.1353633333333,424.71261229669824,3513.4770380478803,1745.9393905235484,0.5617735748065456,2940.5494255680433,4970.006729660326,911.0921214757607,-62.602225568043195,0,0.013953781146336846,0,0.010159222783658994,0.010159222783658994,0.012246229883131813,0,none
2024-05-15,Azure,3008.91,9,1218.5888,352.71016818694426,False,0,2654.148357142857,459.6863948286504,2614.021764285714,432.7424388141,2664.2508933333334,428.069580439059,3573.5211468001585,1734.7755674855566,0.7717471016052349,3350.6464762210135,5382.72884202358,1318.5641104184472,-341.7364762210136,0,0.07617166890856629,0,0.02917289198778872,0.02917289198778872,0.055022219294216385,0,none
2024-05-16,Azure,3077.192,9,1272.5522,370.3219215822356,False,0,2674.1732,476.7971549063909,2641.6480928571427,449.9968119072683,2677.021476666667,434.6541106530872,3627.767509812782,1720.5788901872183,0.8452625940653501,2065.4203993459587,4097.518058927569,33.32273976434885,1011.7716006540413,0,0.22551976958487407,0,0.0719600826112019,0.0719600826112019,0.1564179104467216,0,none
2024-05-17,Azure,3092.7471,9,1259.3204,365.1390896345836,False,0,2704.682971428572,498.4432587606415,2664.548114285714,465.05428528344754,2678.93464,436.408491103677,3701.569488949855,1707.7964539072884,0.7785522659801951,2059.01044321138,4091.109620511369,26.911265911390956,1033.7366567886202,0,0.23041569114976768,0,0.04973839169737049,0.04973839169737049,0.14911090639618896,0,none
2024-05-18,Azure,1950.9529,9,777.1836,225.0258701986402,False,0,2701.653271428572,503.674850240746,2663.237157142857,467.18586619047136,2642.04468,449.85911548979664,3709.002971910064,1694.3035709470798,-1.4904464081703948,2787.1873843899557,4819.293770531606,755.0809982483049,-836.2344843899557,0,0.18639326120306193,0,0.13238196528248147,0.13238196528248147,0.16208817803880074,0,none
2024-05-19,Azure,1948.7586,9,791.2892,227.76530945969915,False,0,2694.799157142857,515.0639566897445,2665.085778571429,464.07179250206553,2605.92688,460.8104096361051,3724.927070522346,1664.671243763368,-1.4484425622327048,2846.2719237772963,4878.360511324421,814.1833362301716,-897.5133237772964,0,0.20005206495889788,0,0.11900581003476929,0.11900581003476929,0.16358125024304002,0,none
2024-05-20,Azure,2764.4266,9,1037.0368,297.8400223508606,False,0,2674.4192000000003,508.03871704325405,2651.7263785714285,457.8440259133641,2633.109753333333,444.4820481809351,3690.496634086509,1658.341765913492,0.177166418582542,2937.4847359234955,4969.567162140179,905.402309706812,-173.05813592349568,0,0.03857395375895667,0,0.015189534051468057,0.015189534051468057,0.028050964890586796,0,none
2024-05-21,Azure,2833.3724,9,1137.576,328.0275343431749,False,0,2668.051371428571,505.3346509015861,2648.879792857143,456.4828203980155,2661.64525,428.1058819469985,3678.720673231744,1657.3820696253988,0.3271515782188031,2938.92052574864,4971.002660991906,906.8383905053745,-105.5481257486399,0,0.02352624740955513,0,0.023003613104703113,0.023003613104703113,0.023291061972371727,0,none
2024-05-22,Azure,2906.0506,9,1117.5989,322.6939207071053,False,0,2653.357171428572,495.1643242306013,2653.7527642857144,459.0121439988801,2666.376343333333,430.0571971923864,3643.6858198897744,1663.028522967369,0.5103223641233833,3346.8604507118184,5381.543589432647,1312.1773119909897,-440.8098507118184,0,0.09825472062964544,0,0.005250506655803178,0.005250506655803178,0.05640282434141643,0,none
2024-05-23,Azure,3046.647,9,1231.7807,358.5953069366811,False,0,2648.9936,490.9232611455641,2661.5834,465.1109126996864,2672.8169133333336,434.3802126000098,3630.840122291128,1667.147077708872,0.8100113224850455,2068.476673205552,4103.1744372475305,33.77890916357296,978.1703267944481,0,0.21803018247482353,0,0.032511659059137665,0.032511659059137665,0.1345468469377649,0,none
2024-05-24,Azure,3139.3286,9,1369.1157,399.2988431702202,False,0,2655.6481,498.2026289362215,2680.165535714286,479.4487792690403,2681.6134033333337,441.24264445468543,3652.0533578724426,1659.242842127557,0.9708509588393772,2062.1288376006078,4096.828135190417,27.429540010798974,1077.199762399392,0,0.24010344039717504,0,0.1255341553842545,0.1255341553842545,0.18854726214136083,0,none
2024-05-25,Azure,3254.402772467749,9,1354.0636724677488,436.82927762137336,True,1,2841.85522463825,429.8130091311757,2771.754248033411,455.6789965276652,2689.5293790822584,449.518209043194,3701.4812429006015,1982.229206375899,0.9598302961151944,2786.3867160333903,4821.093148003225,751.6802840635553,468.0160564343587,0,0.10431887309435167,0,0.23443431457565211,0.23443431457565211,0.16287082176093687,0,none
2024-05-26,Azure,1901.563,9,708.1534,201.4130274947588,False,0,2835.1129960668213,446.2146382184485,2764.956076604839,468.6558688194167,2650.308585748925,465.4852970906416,3727.5422725037183,1942.6837196299243,-2.0921545733954634,2845.176588424796,4879.86544299758,810.4877338520118,-943.613588424796,0,0.21032762621638446,0,0.32154536519972,0.32154536519972,0.2603756087588855,0,none
2024-05-27,Azure,2726.6629,9,1103.3491,317.3432833731246,False,0,2829.718181781107,447.4382916042299,2752.068690890553,466.9243378791043,2676.675032415592,445.58700398731,3724.594764989567,1934.8415985726472,-0.230322893043834,2935.8828484693418,4970.565622389812,901.2000745488713,-209.21994846934194,0,0.0466342745149839,0,0.07649165816896608,0.07649165816896608,0.06007009715927589,0,none
2024-05-28,Azure,3187.0672,9,1326.2763,389.34952507232106,False,0,2880.246010352536,467.4433452395559,2774.1486908905536,480.4478134809185,2709.047775748925,446.2339864342616,3815.132700831648,1945.3593198734245,0.6563815546236254,2937.327332500874,4972.009823533283,902.6448414684646,249.73986749912592,0,0.05566599945892136,0,0.1343437504150733,0.1343437504150733,0.09107098738918973,0,none
2024-05-29,Azure,3283.7079,9,1350.0935,399.6108551286301,False,0,2934.197053209678,492.0637323941371,2793.7771123191246,496.1339138057165,2718.591869082258,455.5777500221729,3918.324517997952,1950.069588421404,0.7102958901056696,3343.0710345368575,5380.320655147287,1305.8214139264278,-59.363134536857615,0,0.013231800945918887,0,0.1735446096933665,0.1735446096933665,0.08537256488227031,0,none
2024-05-30,Azure,3300.6749,9,1320.1781,386.0081780300714,False,0,2970.4867532096787,510.7515256622975,2809.7401766048392,509.3728483494685,2725.003575748925,462.5520644888196,3991.989804534274,1948.9837018850835,0.6464751061908547,2071.5373036029578,4108.801565070494,34.27304213542152,1229.1375963970422,0,0.27396976486430274,0,0.1623481955256767,0.1623481955256767,0.22374005866192104,0,none
2024-05-31,Azure,3454.5562,9,1413.405,417.06713755718266,False,0,3015.519267495393,541.1134961795995,2835.5836837476963,533.4455095480563,2748.813845748925,481.3660420178864,4097.746259854592,1933.292275136194,0.8113583113404297,2065.2124222752473,4102.478184988389,27.946659562105197,1389.3437777247527,0,0.309679070280409,0,0.27901875996672443,0.27901875996672443,0.29588193063925095,0,none
2024-06-01,Azure,1798.3092,9,662.5709,188.92677578125344,False,0,2807.5059,692.636386876634,2824.680562319125,554.0782983980895,2719.076705748925,511.69783103882,4192.778673753268,1422.2331262467317,-1.4570367932146933,2785.6062082417884,4822.879015249158,748.333401234418,-987.2970082417885,0,0.2200644826031808,0,0.30023287656774267,0.30023287656774267,0.25614025988723366,0,none
2024-06-02,Azure,1811.2634,9,673.1689,189.6069606071824,False,0,2794.605957142857,712.8665966386379,2814.8594766048386,571.7355896734251,2687.0472590822583,537.6749895738178,4220.339150420133,1368.872763865581,-1.3794201632931151,2844.0732061679737,4881.328641333712,806.8177710022358,-1032.8098061679736,0,0.23020909992080585,0,0.3023160126231791,0.3023160126231791,0.26265721063687386,0,none
2024-06-03,Azure,2635.2736,9,1042.0827,298.5496513277891,False,0,2781.550342857143,715.1515113581488,2805.6342623191244,573.6507076089003,2709.2461690822583,520.4932050057556,4211.853365573441,1351.2473201408452,-0.2045395144018408,2934.3017064366813,4971.551130271499,897.0522826018639,-299.02810643668136,0,0.06665214720338891,0,0.1392627675559227,0.1392627675559227,0.09932692636202912,0,none
2024-06-04,Azure,2858.6077,9,1110.8079,321.07303483864376,False,0,2734.627557142857,694.5900212014241,2807.436783747696,573.7842022700773,2740.4371624155915,499.3523249170834,4123.807599545705,1345.4475147400087,0.1784939879247296,2935.7319958858225,4972.981138146941,898.4828536247039,-77.12429588582245,0,0.01719069148246789,0,0.09809239100205658,0.09809239100205658,0.0535964562662828,0,none
2024-06-05,Azure,3030.5142,9,1225.4479,355.51774180230086,False,0,2698.4570285714285,667.287209261595,2816.327040890553,576.3879820150694,2743.072362415592,500.71108293561537,4033.031447094618,1363.8826100482386,0.4976225631471649,3339.31122579725,5379.09805313532,1299.5243984591796,-308.7970257972497,0,0.06882959954724245,0,0.1012987806499237,0.1012987806499237,0.08344073104344901,0,none
2024-06-06,Azure,2931.8941,9,1133.1454,325.15921769036265,False,0,2645.774057142857,625.0375123628115,2808.130405176268,573.6702516667985,2745.0280124155915,501.3511184544612,3895.84908186848,1395.699032417234,0.4577645936402659,2074.573384917058,4114.374604268401,34.77216556571534,857.3207150829421,0,0.19109329615583365,0,0.07286003055328438,0.07286003055328438,0.13788832663468648,0,none
2024-06-07,Azure,3200.8676,9,1348.9284,390.4633270612143,False,0,2609.5328285714286,575.7368686218107,2812.5260480334105,576.6313317546311,2757.129299082258,508.0055609060773,3761.0065658150497,1458.0590913278072,1.0270920687137366,2068.28667720875,4108.089385338207,28.483969079293047,1132.58092279125,0,0.25244767552182285,0,0.1789988453325373,0.1789988453325373,0.21939570193664437,0,none
2024-06-08,Azure,2030.622,9,772.4072,226.0061724141511,False,0,2642.7203714285715,525.7029789119024,2725.1131357142854,596.8953435690394,2726.916095748925,523.6505676395607,3694.126329252376,1591.3144136047667,-1.1643425964492835,2784.823602058952,4824.633272572568,745.0139315453366,-754.201602058952,0,0.16810846579102226,0,0.1647278652456765,0.1647278652456765,0.16658719554561668,0,none
2024-06-09,Azure,1954.5076,9,794.6297,231.4925814009028,False,0,2663.183828571429,489.4838410839265,2728.894892857143,591.4187965124127,2696.093725748925,541.2953181335934,3642.151510739282,1684.2161464035755,-1.4478031123574355,2842.9812189722143,4882.773725806721,803.1887121377072,-888.4736189722144,0,0.19803715156990817,0,0.14140802980734768,0.14140802980734768,0.17255404677675595,0,none
2024-06-10,Azure,2922.3335,9,1167.1507,337.0312227610736,False,0,2704.192385714286,498.69400155534606,2742.871364285714,593.6697628815211,2727.7661490822584,525.0296971581928,3701.5803888249775,1706.804382603594,0.4374247807371441,2932.724210190652,4972.510778401182,892.9376419801217,-10.390710190651589,0,0.0023160469877827753,0,0.03839849485594382,0.03839849485594382,0.018553148528455247,0,none
2024-06-11,Azure,2896.7846,9,1138.1745,328.8743752407905,False,0,2709.6462285714288,500.8681969054412,2722.136892857143,581.9152544078798,2757.767722415592,507.2301618878437,3711.382622382311,1707.9098347605463,0.3736279775486072,2934.149405260473,4973.935696016455,894.3631145044906,-37.36480526047308,0,0.008328462933213801,0,0.04866681863061684,0.04866681863061684,0.026480722997045167,0,none
2024-06-12,Azure,2994.7843,9,1202.9669,347.3167597643376,False,0,2704.541957142857,497.2220821070885,2701.4994928571427,565.3550078503622,2760.690989082258,508.37181385458206,3698.986121357034,1710.09779292868,0.5837277814102564,3335.5678367697374,5377.861196861644,1293.2744766778305,-340.78353676973757,0,0.07595926258549773,0,0.044008770469125325,0.044008770469125325,0.06158154113313015,0,none
2024-06-13,Azure,3160.4312,9,1252.5531,360.56220946357087,False,0,2737.190114285714,521.546335964313,2691.4820857142854,555.0706101149107,2770.107122415591,513.211606648032,3780.282786214341,1694.097442357088,0.8115119530672626,2077.596458962838,4119.9040693213665,35.28884860430912,1082.834741037162,0,0.24135945418841417,0,0.08104328426361784,0.08104328426361784,0.16921717772225583,0,none
2024-06-14,Azure,3188.6977,9,1300.2478,378.9190460961158,False,0,2735.451557142857,519.7602996381198,2672.492192857143,530.981428585845,2776.100045748925,517.1310861009619,3774.972156419097,1695.9309578666173,0.872029170315319,2071.3416595049925,4113.650738816121,29.032580193864305,1117.3560404950076,0,0.2490541112577282,0,0.11106429190990108,0.11106429190990108,0.186958692551206,0,none
2024-06-15,Azure,2053.6999,9,836.0604,242.918669936873,False,0,2738.7484,514.5919334230621,2690.734385714285,502.2476953912167,2741.983642415592,530.1788892153198,3767.932266846124,1709.5645331538758,-1.3312460913285808,2784.047659934639,4826.3636181362,741.7317017330781,-730.3477599346388,0,0.16279154152065178,0,0.1416221321921467,0.1416221321921467,0.1532653073228245,0,none
2024-06-16,Azure,6328.0225,9,4146.6152,1340.7071450012868,True,2,3363.536242857143,1361.6267929781693,3013.360035714286,1048.0186062982475,2849.826155748925,841.5777349918284,6086.789828813482,640.2826569008043,2.177165044363378,2841.8929019735638,4884.191899863858,799.5939040832691,3486.1295980264363,1,0.7770440909605613,1,0.9726353425503744,0.9726353425503744,0.8650601541759773,1,high
2024-06-17,Azure,7417.555749999999,9,4677.16602,1494.2636724238505,True,2,4005.71085,2019.8127743973628,3354.951617857143,1566.4477746678608,3032.046250748925,1168.5445569039762,8045.336398794725,-33.91469879472561,1.6891886927570692,2931.157051933589,4973.450181296611,888.8639225705672,4486.398698066409,1,0.999999999999777,1,1.0,1.0,0.9999999999998774,1,critical
2024-06-18,Azure,5234.24293,9,3013.06417,938.5299763969896,True,2,4339.633468571429,1999.037489185212,3524.6398485714285,1635.6867156313,3141.5623950822583,1216.4921243048705,8337.708446941851,341.55849020100595,0.4475201021831551,2932.573614656005,4974.866469553727,890.2807597582823,2301.6693153439955,1,0.5130327173854338,1,0.9694062549548467,0.9694062549548467,0.7184008092916696,1,medium
2024-06-19,Azure,3081.1127,9,1252.249,366.32931465764216,False,0,4351.9660971428575,1989.6019652865864,3528.254027142857,1634.5664378086162,3152.118598415592,1214.47901873128,8331.17002771603,372.7621665696847,-0.6387475582128118,3331.845927133425,5376.616253267029,1287.0756009998213,-250.73322713342486,0,0.055887415276184065,1,0.7576370144379179,0.7576370144379179,0.3716747348989643,0,none
2024-06-20,Azure,3057.135,9,1162.4486,335.96693484638485,False,0,4337.209497142858,2000.266804701625,3537.199805714285,1631.391202261461,3159.5773517489247,1213.140311925485,8337.743106546108,336.6758877396078,-0.6399518774862453,2080.602087368634,4125.386483171881,35.81769156538667,976.5329126313663,0,0.2176652095258551,1,0.7164730040445348,0.7164730040445348,0.44212871705926104,0,low
2024-06-21,Azure,3119.0383,9,1247.9754,361.118530252189,False,0,4327.258154285714,2007.094593882204,3531.354855714286,1632.8348570861665,3166.676941748925,1212.2283350360017,8341.447342050124,313.0689665213058,-0.6019745446815857,2074.381420090005,4119.167268249287,29.595571930722826,1044.656879909995,0,0.2328497644134923,1,0.7474918916993034,0.7474918916993034,0.4644387216921073,0,low
2024-06-22,Azure,2019.8483,9,791.4632,226.6163190674077,False,0,4322.422211428571,2013.516064349786,3530.5853057142854,1633.598914844364,3132.4503184155915,1230.0980258939264,8349.454340128144,295.390082728999,-1.1435587488948022,2783.274888886396,4828.067534602982,738.4822431698103,-763.4265888863961,0,0.1701646777882792,1,0.7323426100070967,0.7323426100070967,0.4231447472867471,0,low
2024-06-23,Azure,1992.0691,9,799.607,230.0936436160528,False,0,3703.000297142857,1959.923901563244,3533.26827,1630.8398212667498,3094.208335082258,1247.5858339597648,7622.848100269344,-216.84750598363007,-0.8729579734077115,2840.8112633188807,4885.587150215933,796.0353764218278,-848.7421633188808,0,0.1891811719017506,1,0.7007388940467285,0.7007388940467285,0.41938214686699066,0,low
2024-06-24,Azure,2833.39,9,1079.5149,311.9782773811722,False,0,3048.1194757142853,1080.4341584238864,3526.9151628571426,1633.5738081373286,3080.174576,1248.0895405287656,5208.9877925620585,887.2511588665125,-0.1987436939492262,2929.5975247860315,4974.367612980326,884.8274365917371,-96.20752478603163,0,0.021444265492381362,1,0.5804453117863154,0.5804453117863154,0.2729947363246517,0,none
2024-06-25,Azure,2905.5584,9,1149.2117,331.94512878949126,False,0,2715.450257142857,495.0646530456134,3527.541862857143,1633.315133476909,3113.641089333333,1228.706396715258,3705.579563234084,1725.3209510516303,0.3840066982912695,2931.00690983815,4975.776726944023,886.2370927322772,-25.44850983815013,0,0.005672369209877065,0,0.42273964201898573,0.42273964201898573,0.19335264197397597,0,none
2024-06-26,Azure,3141.2204,9,1304.9186,378.23363443019394,False,0,2724.0370714285714,502.9229766982777,3538.001584285714,1630.106655294265,3127.4596726666664,1226.53342128773,3729.883024825127,1718.191118032016,0.8295173374448611,3328.143348386274,5375.361188345066,1280.925508427482,-186.92294838627367,0,0.04166436399573534,0,0.478441539274423,0.478441539274423,0.2382140928711448,0,none
2024-06-27,Azure,3112.2984,9,1255.0198,361.95529183913374,False,0,2731.9175571428573,509.402761052287,3534.5635271428573,1631.014750722219,3124.9673793333336,1226.484086709958,3750.723079247431,1713.1120350382832,0.7467192405291113,2083.5921443917623,4130.823891787053,36.360396996471536,1028.7062556082378,0,0.22929443521178133,0,0.45349236705701834,0.45349236705701834,0.33018350454213796,0,none
2024-06-28,Azure,3233.9518,9,1251.2761,363.0051693236227,False,0,2748.3337714285717,525.5531220559784,3537.795962857143,1630.3212633167773,3123.3088426666664,1226.2956520710193,3799.440015540528,1697.2275273166144,0.924013212348075,2077.404480705827,4124.63766291681,30.171298494844905,1156.5473192941727,0,0.2577896877048343,0,0.4750591051670625,0.4750591051670625,0.355560925562837,0,none
2024-06-29,Azure,2295.2542,9,982.8874,289.5424574625547,False,0,2787.677471428571,469.21761715155066,3555.049841428572,1614.6092082842551,3089.7948193333336,1234.9891782648665,3726.1127057316726,1849.2422371254695,-1.0494560592520892,2782.5066378417023,4829.746536934223,735.2667387491815,-487.25243784170243,0,0.10860658417442802,0,0.5260684095380188,0.5260684095380188,0.2964644055880439,0,none
2024-06-30,Azure,2242.1227,9,977.1242,286.3668680613695,False,0,2823.399414285714,403.4633318743906,3263.199855714286,1433.9951763798056,3049.3803693333334,1242.4565095630692,3630.326078034496,2016.4727505369328,-1.4407175779365278,2839.7350711074987,4886.958409902854,792.5117323121435,-597.6123711074988,0,0.13320536388460752,0,0.5417765970779659,0.5417765970779659,0.3170624188216188,0,none
2024-04-10,GCP,2512.7271,9,961.3899,279.1958422509592,False,0,2345.8288,412.4242450414627,2353.9892785714287,422.5032898072009,2337.310273333333,401.0260601442811,3170.677290082925,1520.9803099170745,0.404676257533833,2658.140652748454,4867.880758847907,448.4005466490021,-145.4135527484541,0,0.03571311135323167,0,2.9754941843762595e-09,2.9754941843762595e-09,0.019642212583249805,0,none
2024-04-11,GCP,2531.1951,9,935.5291,271.0443700898803,False,0,2334.3218571428574,404.8221029835987,2327.523842857143,396.3500898663574,2339.71941,401.9977339753126,3143.966063110055,1524.67765117566,0.4863203896370067,1963.7915597240128,4173.994485968948,-246.41136652092223,567.4035402759871,0,0.1393525254908513,0,0.0161082457573668,0.0161082457573668,0.08389259961078328,0,none
2024-04-12,GCP,2661.0588,9,1032.3914,302.5695069867501,False,0,2315.4718857142857,382.3527738836464,2301.519185714286,357.0548671766334,2345.1488333333336,405.2980719789232,3080.177433481578,1550.766337946993,0.9038430943617952,1955.546759335542,4165.825456206887,-254.7319375358029,705.5120406644578,0,0.17327153895263972,0,0.03970642860813045,0.03970642860813045,0.11316723929761055,0,none
2024-04-13,GCP,1806.1985,9,699.087,206.1601568812933,False,0,2321.752871428572,371.97004233494806,2303.4800142857143,354.0256626261744,2317.9395833333333,413.3578266698328,3065.692956098467,1577.8127867586752,-1.386010465227046,2538.3746867925347,4748.934841216609,327.8145323684603,-732.1761867925347,0,0.17982016940566314,0,0.1438138485902588,0.1438138485902588,0.16361732503873122,0,none
2024-04-14,GCP,1761.7146,9,697.1365,203.05723007347584,False,0,2320.9751714285712,373.326039205098,2293.220871428572,368.2460580669997,2289.359356666667,421.3789742357419,3067.627249838767,1574.3230930183752,-1.498048656391274,2705.803044945164,4916.51472620879,495.0913636815376,-944.0884449451639,0,0.23186515372436228,0,0.1438850396844683,0.1438850396844683,0.19227410240641002,0,none
2024-04-15,GCP,2509.1769,9,998.3405,291.67344423457973,False,0,2315.853485714286,369.9707814164683,2312.2557928571428,372.29825828359066,2315.9801466666668,408.5841891663992,3055.7950485472224,1575.9119228813493,0.522536978582564,2618.332733855993,4829.084041446857,407.58142626512927,-109.15583385599302,0,0.02680832959289194,0,0.027737200024933517,0.027737200024933517,0.027226321287310652,0,none
2024-04-16,GCP,2497.2732,9,939.5688,276.3182422912483,False,0,2325.6206,374.3294735418439,2326.727021428572,375.48619476955616,2343.3649066666667,391.3610129005862,3074.2795470836872,1576.961652916312,0.4585602046651393,2876.335976931825,5087.085638724465,665.586315139185,-379.0627769318248,0,0.09309662618483405,0,0.014275945141059787,0.014275945141059787,0.057627319715135635,0,none
2024-04-17,GCP,2667.4745,9,1072.2404,315.62766202025176,False,0,2347.727371428572,391.40124547891537,2346.7780857142857,386.2785735679299,2353.0083566666663,395.7875392551215,3130.5298623864023,1564.9248804707408,0.8169292567768182,2652.5407043104424,4864.794073841511,440.2873347793743,14.933795689557428,0,0.003667693267285539,0,0.016551099043681905,0.016551099043681905,0.009465225866663905,0,none
2024-04-18,GCP,2653.0968,9,1063.3932,311.8832511762695,False,0,2365.1419,403.4511183972605,2349.7318785714283,388.6116315855139,2355.560466666667,397.5216193129964,3172.0441367945205,1558.2396632054786,0.713729338868135,1955.9495545022178,4168.2061550455755,-256.30704604114,697.147245497782,0,0.17121717155986146,0,0.005026461252183423,0.005026461252183423,0.09643135192140635,0,none
2024-04-19,GCP,2664.7483,9,1110.0139,324.92834891654616,False,0,2365.6689714285712,403.9042931605861,2340.570428571428,378.7441846550235,2360.4583700000003,400.4838379328724,3173.4775577497435,1557.860385107399,0.740470783883892,1948.7108519334624,4160.976710410652,-263.5550065437269,716.0374480665378,0,0.17585654591714775,0,0.027686499359433348,0.027686499359433348,0.10918002496617628,0,none
2024-04-20,GCP,1685.7011,9,628.4163,183.79648904298864,False,0,2348.4550571428567,433.2256790751328,2335.1039642857145,388.16855299600735,2330.471403333333,416.42958409413785,3214.9064152931223,1482.0036989925911,-1.5298122644904155,2529.6172593019983,4741.898465692648,317.3360529113488,-843.9161593019983,0,0.20726315532693204,0,0.15554672959902205,0.15554672959902205,0.18399076374937257,0,none
2024-04-21,GCP,1785.0386,9,705.0062,207.27058451123003,False,0,2351.787057142857,428.0192672111578,2336.3811142857144,386.1804830117578,2298.4156066666665,420.2793580857215,3207.8255915651725,1495.7485227205416,-1.3241190305153596,2699.5796355565676,4911.829251577787,487.33001953534813,-914.5410355565675,0,0.22460840287996284,0,0.11503843880358278,0.11503843880358278,0.17530191904559184,0,none
2024-04-22,GCP,2419.9446,9,932.9305,270.73427536852904,False,0,2339.0395857142857,423.8591276282784,2327.446535714286,382.4104941401183,2324.5352433333333,401.6511642667659,3186.7578409708426,1491.321330457729,0.1908771311313516,2615.866656037701,4828.097140620324,403.6361714550776,-195.92205603770117,0,0.048117840954841146,0,0.014220566348838393,0.014220566348838393,0.03286406738213991,0,none
2024-04-23,GCP,2547.7925,9,991.7,290.962999552826,False,0,2346.2566285714283,427.417567690441,2335.9386142857143,386.1387207346991,2352.8827200000005,385.5486012727765,3201.0917639523104,1491.4214931905462,0.4715198594131334,2872.104426101858,5084.3259238172595,659.8829283864557,-324.3119261018578,0,0.07964998936579398,0,0.014218548056500357,0.014218548056500357,0.05020584077661186,0,none
2024-04-24,GCP,2629.2102000000004,9,1059.3396,311.18402226030986,False,0,2340.7903,422.8449874452029,2344.2588357142854,391.4593348150291,2361.46468,388.8344804471433,3186.480274890406,1495.1003251095945,0.6820936952378914,2651.003413618485,4864.686517244283,437.3203099926868,-21.793213618484515,0,0.005352344743602151,0,0.007417455213807322,0.007417455213807322,0.006281644455194479,0,none
2024-04-25,GCP,2709.3811,9,1056.5398,310.7505034945563,False,0,2348.8309142857142,430.24383939051575,2356.986407142857,400.7902354204738,2369.303996666667,393.5281577777226,3209.318593066746,1488.3432355046828,0.838013592999272,1962.0426263774166,4175.726008332751,-251.64075557791784,747.3384736225835,0,0.18354397937864328,0,0.021366933307515268,0.021366933307515268,0.11056430864663568,0,none
2024-04-26,GCP,2631.3124000000003,9,1026.1004,299.96395047866633,False,0,2344.054357142857,426.3196873022208,2354.8616642857146,399.12963898553903,2370.5389033333336,394.3157770345189,3196.6937317472984,1491.4149825384154,0.6738090015834298,1954.5484710322507,4168.2404155810655,-259.1434735165644,676.7639289677495,0,0.16621109310825746,0,0.0017874224837663988,0.0017874224837663988,0.09222044132723649,0,none
2024-04-27,GCP,1761.0113,9,694.948,202.5294139957069,False,0,2354.812957142857,407.4700025079432,2351.634007142857,404.0600899568189,2332.515573333333,396.32230484805785,3169.752962158744,1539.8729521269706,-1.4572892568449238,2528.6210496456943,4742.328314470995,314.91378482039363,-767.6097496456944,0,0.18852254103401933,0,0.13623310600946326,0.13623310600946326,0.1649922952729691,0,none
2024-04-28,GCP,1904.6874,9,737.8542,216.4227415403936,False,0,2371.905642857143,381.25142567253846,2361.84635,389.549592706041,2295.1676866666667,381.31145222482354,3134.40849420222,1609.402791512066,-1.2254858903982615,2696.5349798971492,4910.211589893563,482.8583699007354,-791.8475798971492,0,0.19447527593644154,0,0.1294119558701975,0.1294119558701975,0.16519678190663173,0,none
2024-04-29,GCP,2766.2299000000003,9,1207.2949,355.0149195294466,False,0,2421.374971428572,409.912444827509,2380.207278571429,402.85858752764335,2328.083786666667,377.8003201422992,3241.19986108359,1601.5500817735538,0.8412892385243438,2613.740165147465,4827.398113036823,400.08221725810745,152.4897348525351,0,0.037450999429427353,0,0.10570372154543295,0.10570372154543295,0.06816472438162988,0,none
2024-04-30,GCP,2760.0909,9,1152.664,339.5088680360463,False,0,2451.7033142857144,428.2673823328652,2398.979971428572,414.6832785848301,2356.5753966666666,377.0496288080143,3308.2380789514445,1595.168549619984,0.7200818891079486,2867.0817817292523,5080.730943865663,653.432619592842,-106.99088172925212,0,0.02627662415749513,0,0.0589864888706384,0.0589864888706384,0.0409960632784096,0,none
2024-05-01,GCP,2468.5638,9,979.1861,285.2881868522556,False,0,2428.7538285714286,421.4195324262497,2384.7720642857144,408.13227235247865,2364.1045900000004,376.9522358719816,3271.592893423928,1585.9147637189292,0.0944663651427779,2648.5141703862314,4863.597020231187,433.43132054127545,-179.9503703862315,0,0.04419524517619002,0,0.033202621288787704,0.033202621288787704,0.03924856442685898,0,none
2024-05-02,GCP,2508.3874,9,920.3919,270.11713650567617,False,0,2400.040442857143,405.6651255360217,2374.435678571429,402.6090093966432,2371.2283033333338,377.6137160142276,3211.370693929186,1588.7101917850994,0.2670847216640251,1967.3926386707778,4182.475857040778,-247.6905796992221,540.9947613292222,0,0.13286661241464584,0,0.018336961544922037,0.018336961544922037,0.08132826952327014,0,none
2024-05-03,GCP,2529.0656,9,938.0205,272.6309414648373,False,0,2385.4337571428573,397.7127209848624,2364.744057142857,396.6723310523892,2375.971836666666,378.7077753829005,3180.8591991125822,1590.0083151731324,0.361144703898592,1959.9949447015754,4175.086510679408,-255.09662127625757,569.0706552984245,0,0.13976196369870492,0,0.015781319364232438,0.015781319364232438,0.0839706737481923,0,none
2024-05-04,GCP,1784.449,9,682.4346,199.8836725912377,False,0,2388.782,391.6318953688572,2371.7974785714287,384.3558749626746,2348.3953466666667,390.8727990317886,3172.045790737714,1605.5182092622854,-1.5431148666511636,2527.556343369919,4742.662864651595,312.4498220882433,-743.1073433699189,0,0.18250482709189028,0,0.14772424117378513,0.14772424117378513,0.16685356342874297,0,none
2024-05-05,GCP,1817.6914,9,740.7253,217.79738728533016,False,0,2376.354,410.4812123578093,2374.129821428571,380.602165526072,2315.884773333333,393.1711226232281,3197.3164247156183,1555.3915752843811,-1.3609943236857875,2693.5645511732305,4908.641130945925,478.4879714005351,-875.8731511732306,0,0.21511169205298195,0,0.11879194445723451,0.11879194445723451,0.1717678056348956,0,none
2024-05-06,GCP,2500.9854,9,977.9327,282.66855499038087,False,0,2338.4619285714284,379.5717014209431,2379.91845,381.9664038820464,2340.5099,380.2204858540367,3097.6053314133146,1579.3185257295422,0.4281759436220608,2611.707843123765,4826.766196341697,396.64948990583343,-110.72244312376506,0,0.027193083903404736,0,0.013377490601852116,0.013377490601852116,0.02097606691770606,0,none
2024-05-07,GCP,2633.8449,9,1067.6435,315.01904934261114,False,0,2320.4267857142854,358.6203435237262,2386.06505,385.5511892277314,2369.399446666667,367.8800561265337,3037.667472761738,1603.186098666833,0.8739552006594546,2862.172620085778,5077.222391670109,647.1228485014472,-228.32772008577786,0,0.05607657015683214,0,0.041598874251266627,0.041598874251266627,0.049561606999327656,0,none
2024-05-08,GCP,2648.3054,9,1034.5548,305.25566357439664,False,0,2346.1041571428573,376.9606132419583,2387.428992857143,386.510099990622,2372.842003333333,370.0570177623815,3100.025383626774,1592.182930658941,0.801678563331411,2646.084576333409,4862.53459353568,429.63455913113785,2.220823666591059,0,0.0005454273099155947,0,0.027429454704884892,0.027429454704884892,0.01264323963765178,0,none
2024-05-09,GCP,2627.5399,9,968.9226,284.6930615002049,False,0,2363.125942857143,388.0373396417581,2381.583192857143,381.8570420458589,2379.46322,372.8611009998706,3139.200622140659,1587.0512635736268,0.6814136943271654,1972.6928607479592,4189.1432361296565,-243.75751463373786,654.847039252041,0,0.1608283739040331,0,0.006942022274169957,0.006942022274169957,0.09157951567059469,0,none
2024-05-10,GCP,2707.8488,9,1064.3302,311.0023334947081,False,0,2388.6664,406.2366993728535,2387.0500785714285,386.23015866713087,2385.967276666667,376.94531586259626,3201.1397987457067,1576.1930012542923,0.7857054778457174,1965.3790423226199,4181.837571900049,-251.07948725480924,742.4697576773804,0,0.18234823805046682,0,0.03262442328766113,0.03262442328766113,0.11497252140720428,0,none
2024-05-11,GCP,1758.0355,9,668.3144,194.20515006577307,False,0,2384.893042857143,412.8531888995688,2386.837521428571,386.6018341598739,2360.195290000001,392.7720537475525,3210.5994206562805,1559.1866650580057,-1.5183546105734815,2526.499083993271,4742.972221932305,310.025946054237,-768.4635839932712,0,0.1887322400652023,0,0.15035253618811373,0.15035253618811373,0.17146137332051248,0,none
2024-05-12,GCP,1781.5472,9,711.4787,208.898731037873,False,0,2379.729585714286,421.2695904273077,2378.041792857143,399.5976093455869,2330.8782366666665,402.2504268819099,3222.2687665689014,1537.1904048596705,-1.419951497344277,2690.6233276623816,4907.06721754843,474.17943777633354,-909.0761276623816,0,0.22326623868363218,0,0.1339483688437848,0.1339483688437848,0.18307319725570087,0,none
2024-05-13,GCP,2470.4247,9,954.4064,277.1293864791679,False,0,2375.3637714285715,419.9598424907861,2356.91285,385.0486268960135,2353.01911,390.483105426185,3215.283456410144,1535.444086446999,0.226357186933386,2609.6957268236,4826.121812387601,393.2696412596001,-139.2710268236001,0,0.03420452629910057,0,0.019171172407850823,0.019171172407850823,0.027439517048038185,0,none
2024-05-14,GCP,2699.9255000000003,9,1083.1673,319.09767924018496,False,0,2384.8038571428574,427.415026862451,2352.615321428572,380.51163547369686,2384.292806666667,378.8911366649995,3239.63391086776,1529.9738034179554,0.7372731959604613,2857.317941786122,5073.735644568333,640.9002390039118,-157.3924417861217,0,0.038655088837478084,0,0.03045648587803984,0.03045648587803984,0.03496571750573088,0,none
2024-05-15,GCP,2616.2332,9,1050.8639,308.6618618234515,False,0,2380.2221142857147,424.2800101742775,2363.163135714286,385.98038095955366,2387.86135,380.60816053466425,3228.78213463427,1531.6620939371596,0.5562625625864039,2643.682366751809,4861.467879142259,425.8968543613578,-27.44916675180866,0,0.006741429049990589,0,0.00939702273445231,0.00939702273445231,0.007936446207998363,0,none
2024-05-16,GCP,2607.9564,9,1066.5549,309.6424332785076,False,0,2377.4244714285715,422.4380018261449,2370.275207142857,389.7609347926897,2391.55079,382.23828563681246,3222.3004750808614,1532.5484677762815,0.5457177800631646,1977.9331941686062,4195.719056412579,-239.85266807536686,630.0232058313939,0,0.1547317184657382,0,0.00987864646781167,0.00987864646781167,0.08954783606667126,0,none
2024-05-17,GCP,2797.5347,9,1132.5162,331.6673983181436,False,0,2390.236742857143,435.2942452076791,2389.4515714285712,404.50013272679087,2395.88613,386.19283594141774,3260.825233272501,1519.6482524417847,0.9356842219395746,1970.7023744982446,4188.496202113959,-247.09145311746965,826.8323255017556,0,0.20306741945970108,0,0.04828480719795625,0.04828480719795625,0.13341524394191592,0,none
2024-05-18,GCP,1831.759,9,745.0795,217.72109730166704,False,0,2400.7686714285715,417.99701087970215,2392.830857142857,399.2201691251597,2368.5082033333333,396.3104779660634,3236.762693187976,1564.774649669167,-1.3612768910229571,2525.454071418614,4743.262169114776,307.6459737224527,-693.6950714186141,0,0.17036932846016542,0,0.1174754332804423,0.1174754332804423,0.14656707562929003,0,none
2024-05-19,GCP,1784.8855,9,710.1979,208.54318001764312,False,0,2401.245571428572,417.1738775701876,2390.4875785714285,402.93471063213815,2339.179443333333,406.068188324449,3235.593326568947,1566.8978162881965,-1.477465643383662,2687.715610296659,4905.49513728738,469.9360833059386,-902.8301102966591,0,0.2217322364570162,0,0.13873159032973525,0.13873159032973525,0.18438194569973979,0,none
2024-05-20,GCP,2467.7538,9,976.553,284.755642365665,False,0,2400.8640142857143,417.1012743324474,2388.1138928571427,402.3311277349187,2365.2478666666666,387.3410852180007,3235.0665629506093,1566.6614656208194,0.1603682123033056,2607.7064819693005,4825.468616963038,389.94434697556335,-139.95268196930056,0,0.034371938659659665,0,0.025566927207037127,0.025566927207037127,0.030409683505979525,0,none
2024-05-21,GCP,2565.8383,9,944.2599,276.1102904394687,False,0,2381.7087,403.9494808657227,2383.2562785714285,399.5368722436422,2391.274523333333,372.9764943938546,3189.607661731445,1573.8097382685542,0.4558233361382908,2852.5183501395536,5070.2722964861105,634.7644037929967,-286.6800501395537,0,0.07040771894965454,0,0.01653888269565207,0.01653888269565207,0.04616674263535343,0,none
2024-05-22,GCP,2614.251,9,1020.374,298.7722034689849,False,0,2381.4255285714285,403.75832652647466,2380.823821428571,397.8993831416239,2397.7514033333337,375.172168861275,3188.9421816243776,1573.9088755184791,0.5766456222240376,2641.307396639939,4860.397485716835,422.2173075630426,-27.05639663993861,0,0.006644965945442822,0,0.008683095916112271,0.008683095916112271,0.007562124432244075,0,none
2024-05-23,GCP,2664.1043,9,1043.8369,304.52945299171165,False,0,2389.446657142857,409.5252129027016,2383.4355642857145,399.7590098721759,2401.628463333333,377.3707186437175,3208.49708294826,1570.396231337454,0.6706733412326623,1983.1140328717122,4202.204463707809,-235.9763979643842,680.9902671282878,0,0.1672490684722513,0,0.010127504921878194,0.010127504921878194,0.0965443648745834,0,none
2024-05-24,GCP,2776.2723,9,1103.4139,322.58939869304834,False,0,2386.4091714285714,406.0580917041788,2388.322957142857,404.4214099328204,2406.5305333333336,381.3630168578252,3198.525354836929,1574.292988020214,0.9601166348742324,1975.9652785538387,4195.063490407151,-243.13293329947373,800.3070214461613,0,0.19655288818313932,0,0.05017548718600817,0.05017548718600817,0.1306830577344303,0,none
2024-05-25,GCP,1774.2043,9,699.181,204.8240354950161,False,0,2378.1870714285715,419.5203241931781,2389.4778714285712,402.5015596145502,2375.357973333333,393.77312358605104,3217.227719814928,1539.1464230422152,-1.439698476083875,2524.420914578953,4743.53306624102,305.3087629168872,-750.2166145789531,0,0.1842508417482254,0,0.13072782669860006,0.13072782669860006,0.160165484975894,0,none
2024-05-26,GCP,1827.3052,9,736.0249,215.77959505331157,False,0,2384.247028571429,409.7134841390008,2392.7463,397.3379133375657,2348.557733333333,403.0043424429823,3203.6739968494303,1564.820060293427,-1.359344639926763,2684.8408934543563,4903.925135662468,465.756651246244,-857.5356934543563,0,0.2106080700929147,0,0.11768770508147608,0.11768770508147608,0.16879390583776735,0,none
2024-05-27,GCP,2516.672,9,985.4713,287.2695690203923,False,0,2391.235342857143,411.7871559716779,2396.049678571429,398.2246465767189,2373.746423333333,388.364385997524,3214.809654800499,1567.6610309137873,0.3046152735059554,2605.739815245666,4824.807067988171,386.67256250315995,-89.06781524566577,0,0.02187477538190706,0,0.015877755173553942,0.015877755173553942,0.019176116288148158,0,none
2024-05-28,GCP,2958.8225,9,1189.2583,349.1857121162359,False,0,2447.375942857143,463.1447920595703,2414.5423214285715,418.8961999907511,2408.8842600000003,392.1311187369391,3373.665526976284,1521.0863587380022,1.104290852256782,2847.7732322548704,5066.832485874504,628.7139786352373,111.04926774512978,0,0.027273351002826803,0,0.15108910217349214,0.15108910217349214,0.08299043902962622,0,none
2024-05-29,GCP,3028.8107,9,1288.1993,379.51530224276127,False,0,2506.598757142857,511.97107510504816,2444.012142857143,447.6992627208583,2417.6369533333336,403.1578885345328,3530.540907352953,1482.6566069327605,1.0200028248646151,2638.959381913789,4859.323862813901,418.5949010136769,389.851318086211,0,0.09574625797157693,0,0.22846184074285347,0.22846184074285347,0.1554682702186514,0,none
2024-05-30,GCP,3019.6455,9,1260.9369,373.3777612614,False,0,2557.3903571428573,546.6621059327524,2473.4185071428574,472.1489294612925,2426.2887733333337,413.4149695558816,3650.714569008362,1464.0661452773525,0.845595730597726,1988.2360730009673,4208.600887755024,-232.12874175308934,1031.4094269990328,0,0.2533109123666668,0,0.2003304105526743,0.2003304105526743,0.2294696865503702,0,none
2024-05-31,GCP,3064.7899,9,1259.5089,371.128524542265,False,0,2598.607157142857,576.0049142359853,2492.5081642857144,491.276747822895,2446.1629766666665,429.534357610365,3750.616985614828,1446.5973286708868,0.8093381346835897,1981.1684522619814,4201.540868051997,-239.20396352803414,1083.6214477380188,0,0.2661340204978205,0,0.22931399452125178,0.22931399452125178,0.24956500880836457,0,none
2024-06-01,GCP,1644.7469,9,619.9404,180.47971684941567,False,0,2580.1132428571427,608.0714202262908,2479.150157142857,512.7001337204192,2417.37496,453.4932048548946,3796.256083309724,1363.9704024045611,-1.5382507905198248,2523.399483297757,4743.785516458973,303.01345013654054,-878.6525832977568,0,0.21579431184381853,0,0.28186331093786654,0.28186331093786654,0.24552536143614015,0,none
2024-06-02,GCP,1667.831,9,619.0197,180.51808774850727,False,0,2557.3312142857144,642.9633100000552,2470.789121428571,525.6830879366867,2388.66714,473.0183236106566,3843.257834285825,1271.404594285604,-1.3834385266622051,2681.99880260858,4902.357571883099,461.6400333340607,-1014.1678026085799,0,0.24907642362659724,0,0.2682046960190928,0.2682046960190928,0.2576841462032203,0,none
2024-06-03,GCP,2329.4876,9,874.4997,253.21298744300276,False,0,2530.5905857142857,648.8021039303952,2460.912964285714,527.0415677897464,2406.8350933333336,459.27844912433306,3828.194793575076,1232.9863778534952,-0.3099604401645875,2603.7954687846786,4824.13764157705,383.4532959923067,-274.3078687846787,0,0.0673691501088714,0,0.15518155717377047,0.15518155717377047,0.10688473328807599,0,none
2024-06-04,GCP,2616.1644,9,1030.1446,301.536231907208,False,0,2481.639428571428,623.5425426766902,2464.507685714286,527.9830532117242,2433.45086,446.9297799218574,3728.724513924809,1234.5543432180475,0.2157430523519355,2843.081968239561,5063.416326937876,622.7476095412458,-226.91756823956075,0,0.055730241297127885,0,0.08814252671124068,0.08814252671124068,0.07031576973347864,0,none
2024-06-05,GCP,2737.7653,9,1120.4777,326.3884275522613,False,0,2440.061514285714,589.7647576520247,2473.330135714285,531.696582292504,2441.343523333333,450.2420099240766,3619.591029589764,1260.5319989816646,0.5047839530103517,2636.638015570765,4858.247418981666,415.02861215986513,101.1272844292348,0,0.024836543096630925,0,0.10136957141078684,0.10136957141078684,0.05927640583800109,0,none
2024-06-06,GCP,2708.8963,9,1088.3772,318.6107253765391,False,0,2395.668771428572,549.1651773973286,2476.529564285714,533.0658532180893,2443.845236666667,451.55509492042063,3493.999126223229,1297.3384166339144,0.5703703393127443,1993.2999813998085,4214.909710946758,-228.30974814714182,715.5963186001914,0,0.1757482059071896,0,0.06426339510350576,0.06426339510350576,0.12558004104553186,0,none
2024-06-07,GCP,4127.69876549154,9,1575.7912654915403,515.8154352357453,True,1,2547.51289507022,836.690175915055,2573.0600261065383,690.6034068863321,2493.158348849718,545.6335566413455,4220.89324690033,874.1325432401102,1.888615303378272,1986.3125734334512,4207.929728299142,-235.3045814322395,2141.386192058089,0,0.5259177159335053,1,0.6818742951077164,0.6818742951077164,0.5960981765619003,0,low
2024-06-08,GCP,3134.5693036287657,9,1520.8126036287658,496.9347181846485,True,1,2760.3446670171866,754.1960339505594,2670.228954937165,664.7768185482182,2510.0593289706767,557.659631811407,4268.736734918305,1251.952599116068,0.4961901412433242,2522.3896445864357,4744.020102024771,300.75918714809995,612.1796590423301,0,0.15034939947710313,0,0.5482438808283769,0.5482438808283769,0.3294019160851763,0,none
2024-06-09,GCP,1798.2352,9,738.7139,215.72881304275535,False,0,2778.9738384457582,723.7067934677768,2668.152526365736,667.6514020436836,2479.738875637343,571.1010751363101,4226.387425381312,1331.5602515102046,-1.3551601937367617,2679.188967599265,4900.792791423695,457.5851437748347,-880.9537675992651,0,0.21635947547300405,0,0.3630372095452912,0.3630372095452912,0.28236445580553327,0,none
2024-06-10,GCP,2500.1363,9,965.743,281.7094874898731,False,0,2803.352224160044,708.7620065923161,2666.971404937165,667.9545529361772,2504.475568970677,554.5964632749653,4220.876237344676,1385.8282109754118,-0.4278106350782817,2601.8731893586005,4823.460800373784,380.285578343417,-101.73688935860037,0,0.024986260150594745,0,0.2729828025158605,0.2729828025158605,0.13658470421496433,0,none
2024-06-11,GCP,2644.0733,9,1036.3208,304.9722511977105,False,0,2807.3392098743293,707.6110883004881,2644.4893192228787,662.6516514541361,2533.226438970677,537.9335813157709,4222.561386475305,1392.1170332733532,-0.2307283090577679,2838.4439469362824,5060.023924502473,616.8639693700916,-194.37064693628236,0,0.04773681975739313,0,0.25497803732310953,0.25497803732310953,0.14099536766196552,0,none
2024-06-12,GCP,2632.5919,9,1086.6415,318.3723252844554,False,0,2792.3144384457582,710.4454706722812,2616.187976365736,653.3710717401949,2538.6320123040105,538.0955058494243,4213.205379790321,1371.4234971011958,-0.2248202642412388,2634.3429951840976,4857.168549575794,411.51744079240143,-1.7510951840977214,0,0.0004300634715112858,0,0.2565250206830032,0.2565250206830032,0.11567279421668265,0,none
2024-06-13,GCP,2779.8995,9,1195.4591,351.99554903539183,False,0,2802.4577527314723,709.5622991082271,2599.0632620800216,645.0722531905611,2541.2978123040098,539.119257672334,4221.582350947927,1383.333154515018,-0.0317917859500026,1998.3064178214674,4221.132290813964,-224.51945517102854,781.5930821785325,0,0.19195680353841182,0,0.30221372733541396,0.30221372733541396,0.2415724192470628,0,none
2024-06-14,GCP,2712.2018,9,1060.3074,309.77728802779063,False,0,2600.243900518395,405.4876156778605,2573.878397794308,632.2460510519179,2544.496765637344,539.8634408239595,3411.219131874116,1789.268669162674,0.2761068283039093,1991.3983122665427,4214.231439018869,-231.4348144857845,720.8034877334571,0,0.1770270702742072,0,0.12522041730133993,0.12522041730133993,0.15371407643641694,0,none
2024-06-15,GCP,1831.2479,9,763.1496,224.29592021742417,False,0,2414.0551285714287,418.271968862983,2587.199897794308,612.829888613152,2518.60648230401,555.1238172981173,3250.5990662973945,1577.5111908454628,-1.3933690803003602,2521.391266869524,4744.237388845504,298.54514489354324,-690.1433668695238,0,0.169497040989995,0,0.194120565948809,0.194120565948809,0.1805776272214613,0,none
2024-06-16,GCP,6226.3769600000005,9,4049.00496,1321.014917955346,True,2,3046.6468085714287,1437.768326628905,2912.8103235085937,1102.3173691430443,2632.90122430401,875.2255560829162,5922.183461829239,171.11015531361863,2.2115733755811577,2676.4110223397247,4899.231126059381,453.5909186200688,3549.965937660276,1,0.8718604726696545,1,0.9916666299711359,0.9916666299711359,0.9257732434553212,1,critical
2024-06-17,GCP,6671.68609,9,4128.97921,1327.5891973169714,True,2,3642.582492857143,1947.619369197057,3222.9673585085934,1473.834997267145,2794.23212730401,1131.1223898918852,7537.821231251257,-252.65624553697128,1.55528520872644,2599.9727265195615,4822.77699202319,377.16846101593273,4071.7133634804386,1,0.9999999999997544,1,1.0,1.0,0.999999999999865,1,critical
2024-06-18,GCP,4377.71344,9,2405.7149,749.507922150765,True,2,3890.24537,1909.335217636993,3348.7922899371647,1493.1135946353002,2880.65972530401,1150.235935756347,7708.915805273987,71.57493472601345,0.2553077455948453,2833.8585640757037,5056.655372500367,611.061755651041,1543.8548759242967,0,0.37916590341817524,1,0.8904177096202124,0.8904177096202124,0.609229216209092,1,medium
2024-06-19,GCP,2613.9448,9,1025.5719,299.03871423730175,False,0,3887.581498571428,1911.3942145615329,3339.947968508593,1497.37201654292,2885.532758637344,1148.735011667119,7710.369927694493,64.79306944836253,-0.6663390988985126,2632.074021745315,4856.087636085593,408.0604074050366,-18.12922174531468,0,0.004452479859685812,0,0.6483804902121644,0.6483804902121644,0.2942200845183012,0,none
2024-06-20,GCP,2763.4916,9,1091.341,317.2078638296849,False,0,3885.237512857143,1912.9883816942768,3343.847632794307,1495.672250712306,2892.121201970677,1147.4042511899938,7711.214276245697,59.26074946858944,-0.5863840698619716,2003.2560345350678,4227.269960119018,-220.75789104888258,760.235565464932,0,0.18671146458475346,1,0.6699838281715456,0.6699838281715456,0.40418402819880994,0,low
2024-06-21,GCP,2779.0047,9,1121.4483,327.8237613420243,False,0,3894.7807842857146,1906.3161693600027,3247.5123424020558,1484.6952385074778,2897.6129919706773,1146.422285664375,7707.41312300572,82.14844556570915,-0.5853048419873199,1996.4263313621836,4220.4473432024715,-227.59468047810378,782.5783686378163,0,0.19219878679492508,1,0.6598204319360322,0.6598204319360322,0.4026285271084233,0,low
2024-06-22,GCP,1828.6423,9,752.3106,219.13578313153687,False,0,3894.4085557142857,1906.786447019328,3154.231842142857,1532.5890088149797,2869.764258637343,1162.327378768167,7707.981449752941,80.83566167563004,-1.0833757807238409,2520.404220072581,4744.437927052768,296.3705130923945,-691.7619200725812,0,0.16989455256769445,1,0.6929491393870644,0.6929491393870644,0.4052691166364109,0,low
2024-06-23,GCP,1873.1908,9,768.0862,224.740221596516,False,0,3272.524818571429,1720.2265464655154,3159.585813571429,1527.610397804291,2839.661541970677,1176.4408016408763,6712.977911502459,-167.92827435960226,-0.8134591466721486,2673.66460490265,4897.672894437937,449.6563153673619,-800.4738049026498,0,0.19659384967566096,0,0.6495047502409792,0.6495047502409792,0.4004037549300542,0,low
2024-06-24,GCP,2574.8083,9,1001.753,294.6491352304824,False,0,2687.2565628571424,845.5584643760309,3164.9195278571424,1525.2593387948882,2866.3483419706768,1160.4095350153966,4378.373491609204,996.1396341050806,-0.1329869755842241,2598.093832663851,4822.08664972133,374.10101560637213,-23.285532663850972,0,0.005718853609071621,0,0.46186386714777106,0.46186386714777106,0.21098410970148637,0,none
2024-06-25,GCP,2548.1318,9,957.2,279.7603633351592,False,0,2425.887757142857,402.76758766163,3158.066563571429,1527.9925866222295,2890.37589530401,1145.5203575429832,3231.422932466117,1620.3525818195972,0.3035101299152659,2829.325222246631,5053.3107544259165,605.3396900673456,-281.1934222466307,0,0.06906022038992493,0,0.3957417233460794,0.3957417233460794,0.21606689672019444,0,none
2024-06-26,GCP,2697.4005,9,1081.4328,318.216563739535,False,0,2437.81,410.424397639613,3162.6957492857146,1526.3754722838828,2896.400178637344,1143.9614464650467,3258.658795279226,1616.9612047207738,0.6324928573746961,2629.8307996389303,4855.005046572766,404.6565527050943,67.56970036106986,0,0.01659490595951374,0,0.4010879789117576,0.4010879789117576,0.1896167887880235,0,none
2024-06-27,GCP,2759.8644,9,1119.7389,327.88067822337825,False,0,2437.2918285714286,409.9466976604864,3161.264670714286,1526.7713174883347,2889.7682419706766,1144.1637803861602,3257.185223892401,1617.3984332504558,0.7868646662326226,2008.1494764063107,4233.324027400416,-217.0250745877945,751.7149235936893,0,0.1846188217313387,0,0.41668976151962267,0.41668976151962267,0.2890507446360665,0,none
2024-06-28,GCP,3061.1358,9,1309.3105,387.1319843543091,False,0,2477.5962714285715,459.9601879376931,3186.1885278571426,1521.7163911061325,2890.84574530401,1144.3144482612804,3397.5166473039576,1557.6758955531857,1.2686739936918343,2001.39728580082,4226.578759503045,-223.7841879014054,1059.73851419918,0,0.26026844711216884,0,0.5927496737922183,0.5927496737922183,0.40988499911819115,0,low
2024-06-29,GCP,1994.838,9,824.589,242.6986099650449,False,0,2501.3385142857146,423.7429802475869,3197.873535,1511.1027684395697,2856.68549530401,1155.577836661564,3348.8244747808885,1653.852553790541,-1.1953012507453888,2519.428375597238,4744.6222514414585,294.2344997530172,-524.5903755972379,0,0.12883774685669355,0,0.519791402744747,0.519791402744747,0.3047668920063176,0,none
2024-06-30,GCP,2002.5468,9,843.6176,248.6629225391926,False,0,2519.817942857143,393.5271863056961,2896.171380714285,1260.8679808819895,2821.277391970677,1165.2153480858651,3306.872315468535,1732.7635702457508,-1.3144483046058393,2670.949357468325,4896.11840249209,445.78031244455997,-668.4025574683251,0,0.1641575665573916,0,0.4538947846278387,0.4538947846278387,0.29453931468909283,0,none
